,DMI,AO,AMON,NAO,NINO,PDO
1950-01-01,-0.044,-0.06,0.105,0.55,-1.5,-1.61
1950-02-01,-0.554,0.627,-0.04,3.31,-1.3,-2.17
1950-03-01,-0.692,-0.008,-0.112,0.82,-1.2,-1.89
1950-04-01,-0.475,0.555,-0.137,1.61,-1.2,-1.99
1950-05-01,-0.309,0.072,-0.065,-1.73,-1.1,-3.19
1950-06-01,-0.494,0.539,-0.049,1.26,-0.9,-2.52
1950-07-01,-0.348,-0.802,-0.062,-0.87,-0.5,-3.65
1950-08-01,-0.22,-0.851,0.014,-0.28,-0.4,-2.98
1950-09-01,-0.631,0.358,0.003,1.51,-0.4,-2.4
1950-10-01,-0.59,-0.379,-0.097,0.78,-0.4,-1.92
1950-11-01,-0.227,-0.515,0.073,0.78,-0.6,-1.45
1950-12-01,-0.027,-1.928,0.082,-1.88,-0.8,-1.06
1951-01-01,0.256,-0.085,0.096,0.82,-0.8,-1.19
1951-02-01,0.211,-0.4,-0.008,0.93,-0.5,-1.52
1951-03-01,0.259,-1.934,0.006,-2.01,-0.2,-1.72
1951-04-01,-0.513,-0.776,0.162,-0.45,0.2,-1.35
1951-05-01,-0.138,-0.863,0.166,-2.11,0.4,-1.29
1951-06-01,-0.19,-0.918,0.283,-1.16,0.6,-1.77
1951-07-01,-0.22,0.09,0.415,1.1,0.7,-0.23
1951-08-01,0.124,-0.377,0.297,0.85,0.9,-1.76
1951-09-01,-0.005,-0.818,0.243,-0.22,1.0,-0.78
1951-10-01,-0.168,-0.213,0.252,-0.13,1.2,-0.09
1951-11-01,0.123,-0.069,0.168,-0.97,1.0,-0.31
1951-12-01,-0.073,1.987,0.168,2.54,0.8,-1.45
1952-01-01,-0.069,0.368,0.165,0.92,0.5,-2.19
1952-02-01,0.08,-1.747,0.176,0.15,0.4,-1.35
1952-03-01,0.126,-1.859,0.224,-1.14,0.3,-1.67
1952-04-01,0.073,0.539,0.184,2.79,0.3,-1.92
1952-05-01,-0.148,-0.774,0.174,-0.94,0.2,-2.07
1952-06-01,0.02,-0.441,0.376,0.02,0.0,-2.13
1952-07-01,-0.43,0.383,0.366,-0.79,-0.1,-2.05
1952-08-01,-0.463,-0.03,0.397,-1.05,0.0,-1.58
1952-09-01,-0.607,-0.383,0.355,-3.02,0.2,-1.36
1952-10-01,-0.546,-0.437,0.348,0.42,0.1,-0.91
1952-11-01,-0.171,-1.891,0.244,-1.51,0.0,-0.53
1952-12-01,-0.03,-1.827,0.334,-0.31,0.1,-0.83
1953-01-01,0.304,-1.036,0.258,-0.02,0.4,-0.16
1953-02-01,0.285,-0.249,0.178,0.54,0.6,-0.46
1953-03-01,0.188,1.068,0.134,1.25,0.6,-1.27
1953-04-01,-0.054,-1.256,0.306,-1.6,0.7,-0.9
1953-05-01,0.316,-0.562,0.335,-0.75,0.8,-0.55
1953-06-01,-0.113,0.023,0.268,-2.96,0.8,-0.2
1953-07-01,-0.178,0.333,0.337,0.13,0.7,0.06
1953-08-01,-0.231,0.085,0.251,3.26,0.7,-0.92
1953-09-01,-0.24,0.662,0.273,0.75,0.8,-1.11
1953-10-01,-0.312,-0.194,0.141,0.77,0.8,-1.48
1953-11-01,-0.136,0.354,0.237,3.25,0.8,-0.51
1953-12-01,-0.119,0.575,0.251,0.15,0.8,-0.18
1954-01-01,-0.339,-0.148,0.22,0.1,0.8,-1.13
1954-02-01,-0.271,-0.181,0.088,0.57,0.5,-0.95
1954-03-01,-0.162,0.476,0.093,-0.29,0.0,-1.15
1954-04-01,-0.009,0.512,-0.021,-0.26,-0.4,-1.25
1954-05-01,-0.55,-1.656,0.062,-0.91,-0.5,-0.76
1954-06-01,-0.504,-0.268,0.092,-0.94,-0.5,0.49
1954-07-01,-0.855,0.341,-0.052,0.88,-0.6,-0.08
1954-08-01,-0.631,-0.122,-0.022,-0.59,-0.8,-0.32
1954-09-01,-0.718,0.301,-0.018,2.49,-0.9,-1.05
1954-10-01,-0.836,0.513,-0.04,2.09,-0.8,0.02
1954-11-01,-0.45,-0.328,-0.034,1.54,-0.7,0.85
1954-12-01,-0.053,0.553,-0.059,1.44,-0.7,0.49
1955-01-01,-0.049,-1.163,0.068,-1.17,-0.7,-0.23
1955-02-01,-0.153,-1.542,0.033,-2.21,-0.6,-1.01
1955-03-01,0.019,-1.568,0.034,-2.9,-0.7,-1.24
1955-04-01,-0.044,0.194,0.088,2.4,-0.8,-2.21
1955-05-01,-0.695,0.242,0.169,0.33,-0.8,-1.89
1955-06-01,-0.387,-0.266,0.186,-0.18,-0.7,-2.18
1955-07-01,-0.439,0.332,0.261,-1.32,-0.7,-2.75
1955-08-01,-0.43,0.76,0.167,0.54,-0.7,-2.66
1955-09-01,-0.738,0.357,0.195,0.82,-1.1,-2.48
1955-10-01,-0.73,0.099,0.271,-2.35,-1.4,-3.35
1955-11-01,-0.269,-1.342,0.378,-2.14,-1.7,-2.63
1955-12-01,-0.3,-0.444,0.249,0.51,-1.5,-2.2
1956-01-01,-0.101,-1.204,0.179,-0.76,-1.1,-2.26
1956-02-01,-0.021,-2.029,0.087,-2.96,-0.8,-2.28
1956-03-01,-0.001,0.47,0.006,0.01,-0.6,-2.93
1956-04-01,-0.3,-0.868,0.056,-1.9,-0.5,-2.55
1956-05-01,-0.57,1.391,-0.066,4.54,-0.5,-1.62
1956-06-01,-0.826,0.28,-0.272,1.26,-0.5,-1.98
1956-07-01,-1.083,-0.215,-0.098,0.35,-0.6,-1.48
1956-08-01,-0.772,-0.652,-0.106,-3.15,-0.6,-1.0
1956-09-01,-0.803,-0.202,-0.097,-0.51,-0.5,-0.28
1956-10-01,-0.672,1.139,-0.051,1.23,-0.4,-1.66
1956-11-01,-0.516,-0.066,-0.095,1.39,-0.4,-2.44
1956-12-01,-0.151,0.001,0.011,2.57,-0.4,-1.27
1957-01-01,-0.437,2.062,-0.089,2.53,-0.2,-1.31
1957-02-01,-0.564,-1.513,-0.114,1.08,0.1,-1.57
1957-03-01,-0.197,-2.013,-0.027,0.42,0.4,-0.83
1957-04-01,-0.3,0.238,-0.082,-0.62,0.7,-0.81
1957-05-01,-0.326,-0.966,-0.129,-0.84,0.9,-0.02
1957-06-01,-0.465,-0.76,-0.02,-0.8,1.1,1.53
1957-07-01,-0.488,-0.646,0.032,-0.48,1.3,0.59
1957-08-01,-0.266,0.097,0.194,0.7,1.3,0.34
1957-09-01,-0.383,-0.956,0.213,-1.56,1.3,1.84
1957-10-01,-0.523,0.903,0.141,1.07,1.4,1.72
1957-11-01,-0.482,-1.38,0.076,-1.59,1.5,1.54
1957-12-01,-0.25,0.828,0.071,-0.12,1.7,0.46
1958-01-01,-0.396,-1.438,0.04,0.37,1.8,0.83
1958-02-01,-0.234,-2.228,0.18,-0.03,1.7,0.94
1958-03-01,-0.374,-2.522,0.336,-1.28,1.3,0.62
1958-04-01,-0.348,-0.36,0.338,1.79,0.9,0.56
1958-05-01,-0.496,-0.336,0.193,1.1,0.7,1.46
1958-06-01,-0.854,-1.149,0.213,-1.44,0.6,1.82
1958-07-01,-1.063,-0.684,0.156,-0.2,0.6,0.61
1958-08-01,-1.26,-0.755,0.152,0.98,0.4,1.06
1958-09-01,-1.303,-0.012,0.204,-0.23,0.4,0.77
1958-10-01,-0.966,0.77,0.143,1.65,0.4,0.28
1958-11-01,-0.674,-0.011,0.176,0.43,0.5,0.28
1958-12-01,-0.639,-1.687,0.211,-1.7,0.6,1.14
1959-01-01,-0.027,-2.013,0.091,-1.15,0.6,1.04
1959-02-01,-0.531,2.544,0.106,2.46,0.6,0.35
1959-03-01,-0.524,1.432,-0.036,1.82,0.5,-0.14
1959-04-01,-0.357,0.119,-0.013,1.51,0.3,-0.16
1959-05-01,-0.742,-0.341,-0.002,-2.22,0.2,-0.13
1959-06-01,-0.745,-0.033,-0.068,1.51,-0.1,0.23
1959-07-01,-0.667,0.105,-0.041,0.29,-0.2,-0.42
1959-08-01,-0.913,-0.745,0.003,0.02,-0.3,-0.31
1959-09-01,-0.839,-0.281,0.116,-1.81,-0.1,-0.53
1959-10-01,-0.586,-0.249,0.103,1.51,0.0,0.96
1959-11-01,-0.574,-1.411,0.042,-0.04,0.0,1.38
1959-12-01,-0.357,-0.042,0.1,1.98,0.0,1.02
1960-01-01,-0.236,-2.484,0.167,-0.7,-0.1,0.24
1960-02-01,-0.043,-2.212,0.207,-1.0,-0.1,0.61
1960-03-01,-0.433,-1.625,0.079,-0.87,-0.1,0.23
1960-04-01,-0.745,-0.297,0.088,1.93,0.0,0.21
1960-05-01,-0.738,-0.857,0.293,0.07,0.0,0.35
1960-06-01,-0.681,0.055,0.31,-0.41,0.0,1.2
1960-07-01,-0.734,-0.619,0.261,0.18,0.1,-0.42
1960-08-01,-0.584,-1.008,0.326,-1.84,0.2,-0.31
1960-09-01,-0.582,-0.382,0.201,0.24,0.3,-0.96
1960-10-01,-0.906,-1.187,0.287,-3.08,0.2,-0.34
1960-11-01,-0.811,-0.553,0.241,1.4,0.1,-0.34
1960-12-01,-0.641,-0.343,0.128,0.46,0.1,0.0
1961-01-01,-0.144,-1.506,0.051,1.46,0.0,0.89
1961-02-01,-0.08,0.621,0.071,4.06,0.0,0.92
1961-03-01,-0.122,0.341,0.139,2.08,0.0,0.64
1961-04-01,-0.612,-0.237,0.217,0.71,0.1,0.28
1961-05-01,-0.438,0.157,0.184,-0.94,0.2,-0.54
1961-06-01,-0.006,0.837,0.023,2.13,0.3,-0.7
1961-07-01,0.63,-0.108,-0.029,0.63,0.1,-1.23
1961-08-01,0.776,0.013,0.026,3.38,-0.1,-0.87
1961-09-01,0.554,0.815,-0.007,2.01,-0.3,-1.34
1961-10-01,0.457,0.203,0.019,1.0,-0.3,-1.78
1961-11-01,0.323,-0.01,0.057,-2.15,-0.2,-1.43
1961-12-01,0.311,-1.668,0.203,-1.72,-0.2,-1.73
1962-01-01,0.512,1.645,0.139,2.44,-0.2,-1.0
1962-02-01,0.544,-0.358,0.142,0.77,-0.2,-0.87
1962-03-01,0.356,-2.848,0.155,-3.78,-0.2,-1.06
1962-04-01,-0.019,1.169,0.077,0.74,-0.3,-0.95
1962-05-01,-0.385,0.068,0.013,-0.1,-0.3,-1.3
1962-06-01,-0.458,0.287,-0.081,1.41,-0.2,-1.71
1962-07-01,-0.468,-0.927,-0.018,-2.1,0.0,-1.83
1962-08-01,-0.303,0.152,-0.073,2.28,-0.1,-0.66
1962-09-01,-0.186,-0.056,-0.006,0.02,-0.1,-1.47
1962-10-01,-0.327,-0.016,0.055,-0.34,-0.2,-1.76
1962-11-01,-0.213,-1.112,0.036,-2.23,-0.3,-0.38
1962-12-01,-0.071,-0.711,0.18,-0.66,-0.4,-0.23
1963-01-01,0.329,-3.311,0.147,-4.09,-0.4,0.12
1963-02-01,0.395,-1.721,0.155,-1.9,-0.2,0.15
1963-03-01,0.201,0.724,0.123,2.79,0.2,-0.28
1963-04-01,-0.061,-0.348,0.093,-0.46,0.3,-0.27
1963-05-01,-0.324,0.771,-0.095,1.91,0.3,-1.26
1963-06-01,-0.248,-0.585,-0.058,-1.77,0.5,-0.6
1963-07-01,0.212,-0.303,-0.046,-0.65,0.9,-1.11
1963-08-01,0.473,-0.625,-0.084,-0.96,1.1,-1.01
1963-09-01,0.081,0.083,-0.213,0.94,1.2,1.08
1963-10-01,0.432,1.069,-0.082,2.79,1.3,0.34
1963-11-01,0.319,-0.419,-0.068,-0.15,1.4,-0.5
1963-12-01,-0.059,-1.178,-0.071,-3.09,1.3,0.45
1964-01-01,-0.461,0.385,-0.086,0.93,1.1,0.34
1964-02-01,-0.692,-0.575,0.01,-0.13,0.6,0.21
1964-03-01,-0.312,-0.558,0.028,-0.77,0.1,-0.71
1964-04-01,-0.224,0.663,-0.157,0.95,-0.3,-1.27
1964-05-01,-0.52,1.174,0.03,2.51,-0.6,-2.39
1964-06-01,-0.344,0.142,-0.007,-1.85,-0.6,-0.86
1964-07-01,-0.829,0.734,-0.155,2.44,-0.6,-1.08
1964-08-01,-0.683,-1.207,-0.245,-2.46,-0.7,-1.6
1964-09-01,-0.981,-0.227,-0.231,0.5,-0.8,-1.35
1964-10-01,-1.027,0.342,-0.282,0.63,-0.8,-0.64
1964-11-01,-0.284,-0.344,-0.177,1.33,-0.8,-0.68
1964-12-01,-0.182,-0.246,-0.132,-1.24,-0.8,-0.62
1965-01-01,-0.331,-1.046,-0.21,0.01,-0.6,-0.95
1965-02-01,-0.447,-2.084,-0.188,-3.03,-0.3,-0.61
1965-03-01,-0.186,-0.905,-0.089,0.23,-0.1,-0.17
1965-04-01,-0.285,0.568,-0.108,2.14,0.2,-0.01
1965-05-01,-0.54,-0.153,-0.11,-0.08,0.5,-0.66
1965-06-01,-0.487,0.038,-0.138,0.87,0.8,-0.76
1965-07-01,-0.473,-0.51,-0.199,-1.71,1.2,-0.74
1965-08-01,-0.247,-0.255,-0.221,1.59,1.5,0.32
1965-09-01,-0.197,-0.698,-0.233,-1.01,1.9,0.83
1965-10-01,0.017,0.394,-0.259,-1.26,2.0,0.3
1965-11-01,-0.225,-1.341,-0.288,-1.78,2.0,0.47
1965-12-01,-0.29,0.163,-0.135,1.24,1.7,0.25
1966-01-01,-0.232,-3.232,-0.087,-1.01,1.4,-0.67
1966-02-01,-0.163,-1.438,-0.001,-0.38,1.2,-0.43
1966-03-01,-0.341,-0.911,-0.021,1.05,1.0,-1.0
1966-04-01,-0.435,-1.837,0.032,1.18,0.7,-0.37
1966-05-01,-0.423,1.124,-0.01,1.51,0.4,-0.76
1966-06-01,-0.119,0.408,-0.057,0.82,0.2,0.1
1966-07-01,-0.004,0.011,-0.067,-1.99,0.2,0.01
1966-08-01,0.129,-0.945,-0.055,-2.03,0.1,-0.29
1966-09-01,0.102,0.011,-0.012,-0.47,-0.1,-0.35
1966-10-01,-0.304,-1.077,0.002,-2.89,-0.1,-0.6
1966-11-01,-0.361,0.111,-0.009,-0.07,-0.2,-0.71
1966-12-01,-0.236,-1.401,0.068,1.68,-0.3,-0.21
1967-01-01,-0.236,-0.576,0.07,0.04,-0.4,-0.24
1967-02-01,-0.073,1.18,0.076,1.7,-0.5,-0.25
1967-03-01,0.248,1.967,-0.046,3.0,-0.5,-0.8
1967-04-01,-0.263,1.7,-0.027,-0.76,-0.4,-1.13
1967-05-01,-0.165,0.127,-0.199,-0.46,-0.2,-1.54
1967-06-01,0.044,0.647,-0.273,1.96,0.0,-1.2
1967-07-01,0.14,0.259,-0.242,1.44,0.0,-1.21
1967-08-01,0.13,-0.293,-0.177,-0.41,-0.2,-1.55
1967-09-01,0.145,0.133,-0.109,0.32,-0.3,-0.6
1967-10-01,0.159,1.299,-0.112,1.34,-0.4,-0.06
1967-11-01,0.023,0.334,-0.246,-0.91,-0.3,0.36
1967-12-01,0.054,-0.347,-0.165,-0.53,-0.4,-0.68
1968-01-01,0.213,-0.409,-0.259,1.65,-0.6,-0.65
1968-02-01,0.334,-2.154,-0.21,-1.53,-0.7,-0.19
1968-03-01,0.154,1.741,-0.221,0.34,-0.6,0.08
1968-04-01,0.073,0.328,-0.168,-0.71,-0.4,-0.69
1968-05-01,-0.123,-0.241,-0.136,-1.5,0.0,-0.79
1968-06-01,0.091,0.42,-0.275,0.95,0.3,0.14
1968-07-01,-0.521,-0.836,-0.242,-1.96,0.6,0.44
1968-08-01,-0.455,-0.671,-0.226,-1.45,0.5,-0.01
1968-09-01,-0.734,-1.009,-0.162,0.5,0.4,0.26
1968-10-01,-0.531,-1.013,-0.126,0.03,0.5,-0.18
1968-11-01,-0.454,-2.183,-0.12,-2.0,0.7,0.03
1968-12-01,-0.213,-0.783,-0.139,-1.73,1.0,-0.29
1969-01-01,-0.162,-2.967,-0.075,-1.64,1.1,-0.71
1969-02-01,-0.164,-3.114,0.092,-3.16,1.1,-1.22
1969-03-01,0.06,-1.582,0.194,-1.81,0.9,-1.21
1969-04-01,-0.051,0.438,0.136,1.11,0.8,-1.07
1969-05-01,-0.166,-0.72,-0.002,-0.23,0.6,-1.06
1969-06-01,-0.626,-0.348,0.016,-1.17,0.4,0.84
1969-07-01,-0.407,0.41,0.081,3.7,0.4,-0.37
1969-08-01,-0.35,-0.782,-0.114,-1.62,0.5,-0.92
1969-09-01,-0.248,-0.083,-0.12,0.38,0.8,-1.07
1969-10-01,-0.2,0.098,-0.198,0.7,0.9,0.95
1969-11-01,-0.004,0.326,-0.137,-1.28,0.8,0.58
1969-12-01,-0.085,-1.856,-0.044,-0.26,0.6,1.13
1970-01-01,0.297,-2.412,-0.023,-1.16,0.5,1.06
1970-02-01,0.326,-1.325,-0.061,1.1,0.3,1.01
1970-03-01,0.068,-2.084,0.006,-1.78,0.3,1.2
1970-04-01,0.219,0.302,0.007,2.52,0.2,0.31
1970-05-01,0.182,0.531,-0.059,1.87,0.0,-0.89
1970-06-01,-0.385,0.875,-0.195,-0.11,-0.3,-0.12
1970-07-01,-0.57,0.139,-0.213,0.27,-0.6,-0.92
1970-08-01,-0.351,-0.263,-0.153,-0.2,-0.8,-1.79
1970-09-01,-0.6,0.03,-0.151,0.47,-0.8,-1.68
1970-10-01,-0.638,0.098,-0.209,-0.0,-0.7,-1.2
1970-11-01,-0.307,0.378,-0.253,0.76,-0.9,-0.92
1970-12-01,-0.235,-0.399,-0.222,-1.58,-1.1,-0.91
1971-01-01,0.198,-0.163,-0.259,-0.43,-1.4,-1.34
1971-02-01,0.013,-0.922,-0.305,1.21,-1.4,-1.45
1971-03-01,0.208,-1.091,-0.323,-1.76,-1.1,-1.55
1971-04-01,0.24,-0.583,-0.426,-3.15,-0.8,-1.7
1971-05-01,-0.074,0.679,-0.339,-0.62,-0.7,-1.75
1971-06-01,-0.236,-0.668,-0.376,-1.32,-0.7,-1.86
1971-07-01,-0.354,-0.578,-0.362,-1.04,-0.8,-2.25
1971-08-01,-0.547,0.818,-0.448,0.07,-0.8,-0.32
1971-09-01,-0.746,0.153,-0.379,-0.54,-0.8,-0.17
1971-10-01,-0.629,1.185,-0.248,1.63,-0.9,-0.35
1971-11-01,0.017,0.419,-0.256,-1.46,-1.0,-1.28
1971-12-01,0.215,0.824,-0.321,0.76,-0.9,-1.77
1972-01-01,0.143,0.166,-0.331,-0.52,-0.7,-2.12
1972-02-01,-0.216,-0.195,-0.393,-0.2,-0.4,-1.95
1972-03-01,0.031,-0.141,-0.452,0.26,0.1,-1.53
1972-04-01,0.131,1.007,-0.339,0.22,0.4,-1.7
1972-05-01,0.157,0.14,-0.482,1.24,0.7,-2.16
1972-06-01,0.739,-0.049,-0.501,1.07,0.9,-1.84
1972-07-01,0.708,-0.553,-0.388,0.41,1.1,-1.48
1972-08-01,0.511,-0.082,-0.396,0.11,1.4,-0.11
1972-09-01,0.363,-0.92,-0.316,-4.11,1.6,-0.2
1972-10-01,0.327,0.392,-0.299,-1.74,1.8,-0.22
1972-11-01,0.671,-0.38,-0.29,0.64,2.1,-0.05
1972-12-01,0.477,1.238,-0.364,2.11,2.1,-0.37
1973-01-01,0.043,1.232,-0.387,1.37,1.8,-0.15
1973-02-01,-0.077,0.786,-0.406,1.22,1.2,-0.55
1973-03-01,-0.001,0.537,-0.357,1.04,0.5,-0.88
1973-04-01,-0.117,-1.126,-0.277,-2.61,-0.1,-1.35
1973-05-01,0.085,0.073,-0.182,0.37,-0.5,-1.59
1973-06-01,-0.225,0.531,-0.188,0.83,-0.9,-1.44
1973-07-01,-0.495,0.27,-0.117,-1.85,-1.1,-1.4
1973-08-01,-0.607,0.313,-0.146,2.32,-1.3,-1.56
1973-09-01,-0.773,0.114,-0.144,-0.79,-1.5,-1.05
1973-10-01,-0.449,0.337,-0.229,-1.03,-1.7,-1.36
1973-11-01,-0.157,0.002,-0.222,-0.26,-1.9,-1.42
1973-12-01,0.047,-0.181,-0.251,-1.65,-2.0,-0.89
1974-01-01,0.279,0.232,-0.289,3.75,-1.8,-0.86
1974-02-01,0.156,-0.489,-0.296,0.68,-1.6,-1.38
1974-03-01,0.249,-0.746,-0.414,-0.81,-1.2,-1.21
1974-04-01,-0.053,0.309,-0.536,-2.3,-1.0,-0.62
1974-05-01,-0.239,-0.507,-0.513,-0.01,-0.9,-0.72
1974-06-01,-0.027,-0.048,-0.46,-0.14,-0.8,-0.37
1974-07-01,-0.249,0.39,-0.528,2.07,-0.5,0.02
1974-08-01,-0.497,-0.533,-0.481,0.89,-0.4,-0.27
1974-09-01,-0.661,-0.136,-0.519,0.11,-0.4,0.71
1974-10-01,-0.845,-1.024,-0.521,-1.44,-0.6,0.19
1974-11-01,-0.551,-0.435,-0.439,1.27,-0.8,0.61
1974-12-01,-0.36,0.556,-0.374,3.06,-0.6,0.27
1975-01-01,-0.367,1.595,-0.286,2.43,-0.5,-0.65
1975-02-01,-0.249,0.194,-0.351,0.4,-0.6,-0.93
1975-03-01,-0.464,0.151,-0.322,-1.26,-0.7,-1.07
1975-04-01,0.087,0.409,-0.358,-0.84,-0.7,-1.79
1975-05-01,0.066,-0.614,-0.401,-2.42,-0.8,-2.08
1975-06-01,0.055,-0.323,-0.308,0.18,-1.0,-1.61
1975-07-01,-0.039,0.345,-0.285,0.63,-1.1,-0.84
1975-08-01,-0.344,0.13,-0.198,0.08,-1.2,-1.56
1975-09-01,-0.857,1.278,-0.349,1.75,-1.4,-1.6
1975-10-01,-1.056,0.138,-0.367,0.39,-1.4,-1.59
1975-11-01,-0.328,0.619,-0.354,0.86,-1.6,-1.73
1975-12-01,-0.17,1.29,-0.335,-1.57,-1.7,-1.49
1976-01-01,0.005,0.034,-0.398,0.75,-1.6,-1.08
1976-02-01,0.077,1.656,-0.454,1.29,-1.2,-1.01
1976-03-01,0.02,0.587,-0.507,1.87,-0.7,-1.31
1976-04-01,0.122,0.44,-0.439,-1.53,-0.5,-1.38
1976-05-01,-0.004,0.06,-0.501,1.2,-0.3,-1.23
1976-06-01,0.369,0.328,-0.497,1.76,0.0,-1.26
1976-07-01,0.594,-0.325,-0.32,-0.57,0.2,0.28
1976-08-01,0.107,0.559,-0.198,0.62,0.4,0.97
1976-09-01,-0.208,-0.743,-0.206,-3.46,0.6,0.58
1976-10-01,-0.231,-0.804,-0.306,-0.64,0.8,1.12
1976-11-01,-0.181,-0.087,-0.429,1.5,0.9,1.33
1976-12-01,0.028,-2.074,-0.445,-3.63,0.8,1.2
1977-01-01,-0.003,-3.767,-0.402,-2.36,0.7,1.24
1977-02-01,-0.261,-2.01,-0.346,0.28,0.6,1.51
1977-03-01,0.174,0.344,-0.196,1.33,0.3,0.62
1977-04-01,-0.029,1.329,-0.23,1.07,0.2,-0.25
1977-05-01,-0.341,0.104,-0.183,-1.62,0.2,-0.47
1977-06-01,-0.095,-0.226,-0.12,-0.89,0.3,0.03
1977-07-01,-0.171,-0.492,-0.119,-1.14,0.4,-0.06
1977-08-01,-0.26,-1.412,-0.158,-1.42,0.4,-0.09
1977-09-01,-0.259,0.586,-0.245,1.64,0.6,-0.64
1977-10-01,0.245,-0.009,-0.237,0.45,0.7,-0.84
1977-11-01,-0.127,0.605,-0.156,0.37,0.8,-0.45
1977-12-01,-0.02,-0.24,-0.218,-0.25,0.8,-0.06
1978-01-01,-0.64,-0.347,-0.119,0.46,0.7,0.58
1978-02-01,-0.53,-3.014,-0.16,-1.99,0.4,0.78
1978-03-01,-0.582,0.502,-0.171,3.1,0.1,1.13
1978-04-01,-0.214,-0.967,-0.208,-3.12,-0.2,1.03
1978-05-01,-0.533,0.059,-0.217,0.37,-0.3,0.77
1978-06-01,-0.174,0.635,-0.346,0.14,-0.3,0.33
1978-07-01,-0.107,-0.604,-0.289,-0.33,-0.4,-1.62
1978-08-01,-0.224,-0.354,-0.24,0.05,-0.4,-0.91
1978-09-01,-0.261,-0.099,-0.203,1.96,-0.4,-0.78
1978-10-01,-0.502,0.895,-0.22,0.02,-0.3,0.07
1978-11-01,-0.458,2.47,-0.132,3.91,-0.1,-0.01
1978-12-01,-0.26,-0.98,-0.195,-2.08,0.0,-0.51
1979-01-01,0.317,-2.233,-0.205,-3.22,0.0,-0.38
1979-02-01,-0.158,-0.697,-0.164,-0.62,0.1,-1.29
1979-03-01,-0.034,-0.814,-0.241,0.54,0.2,-0.68
1979-04-01,-0.207,-1.157,-0.25,-0.79,0.3,-0.12
1979-05-01,-0.444,-0.25,-0.13,1.0,0.2,0.57
1979-06-01,0.108,0.933,-0.055,0.45,0.0,0.22
1979-07-01,-0.315,0.039,-0.107,2.53,0.0,0.3
1979-08-01,-0.226,-0.684,-0.128,-0.85,0.2,0.05
1979-09-01,-0.28,-0.046,-0.122,1.12,0.3,0.88
1979-10-01,-0.314,-1.243,-0.1,-1.95,0.5,1.1
1979-11-01,-0.251,0.475,-0.098,1.95,0.5,0.58
1979-12-01,-0.101,1.295,-0.072,2.07,0.6,0.06
1980-01-01,-0.158,-2.066,-0.014,-1.8,0.6,0.06
1980-02-01,-0.2,-0.934,-0.091,0.7,0.5,0.58
1980-03-01,-0.417,-1.433,-0.151,-0.68,0.3,0.62
1980-04-01,-0.095,-0.419,-0.013,0.03,0.4,0.78
1980-05-01,-0.066,-1.155,0.117,-2.26,0.5,0.64
1980-06-01,-0.382,0.721,0.096,-0.21,0.5,-0.72
1980-07-01,-0.661,-0.622,0.038,-0.91,0.3,-0.21
1980-08-01,-0.822,-0.185,0.011,0.3,0.0,0.08
1980-09-01,-0.745,0.313,-0.02,1.72,-0.1,-0.13
1980-10-01,-0.657,-0.521,-0.074,-0.87,0.0,0.99
1980-11-01,-0.417,-1.361,-0.209,-2.06,0.1,0.71
1980-12-01,-0.483,-0.057,-0.261,1.55,0.0,0.3
1981-01-01,-0.201,-0.116,-0.189,1.0,-0.3,1.18
1981-02-01,-0.024,-0.332,-0.188,1.04,-0.5,1.24
1981-03-01,0.027,-1.645,-0.007,0.01,-0.5,1.22
1981-04-01,0.092,0.43,-0.103,-3.04,-0.4,1.07
1981-05-01,-0.018,0.18,-0.091,0.05,-0.3,1.29
1981-06-01,-0.24,-0.438,-0.07,-1.57,-0.3,1.82
1981-07-01,-0.56,0.561,-0.102,1.74,-0.3,0.82
1981-08-01,-0.628,-0.244,-0.123,1.01,-0.2,-0.05
1981-09-01,-0.757,-1.04,-0.044,0.27,-0.2,0.43
1981-10-01,-0.606,-1.167,-0.194,-1.06,-0.1,-0.09
1981-11-01,-0.328,-0.188,-0.144,1.66,-0.2,0.54
1981-12-01,-0.019,-1.216,-0.014,-2.2,-0.1,0.59
1982-01-01,0.144,-0.883,-0.089,-0.72,0.0,0.11
1982-02-01,0.166,0.974,-0.086,2.25,0.1,-0.19
1982-03-01,0.054,1.074,-0.088,1.66,0.2,-0.37
1982-04-01,0.119,1.454,-0.19,-0.99,0.5,-0.7
1982-05-01,0.223,-0.209,-0.199,1.1,0.7,-1.21
1982-06-01,0.255,-1.18,-0.192,-1.86,0.7,-0.99
1982-07-01,0.265,0.005,-0.236,-0.65,0.8,0.12
1982-08-01,0.256,0.362,-0.317,1.45,1.1,-0.08
1982-09-01,0.442,0.558,-0.315,1.08,1.6,0.51
1982-10-01,0.623,-0.211,-0.379,0.32,2.0,0.15
1982-11-01,0.284,0.661,-0.425,1.71,2.2,-0.6
1982-12-01,-0.162,0.967,-0.388,2.64,2.2,0.16
1983-01-01,-0.482,1.359,-0.306,4.82,2.2,0.4
1983-02-01,-0.587,-1.806,-0.112,-1.25,1.9,0.97
1983-03-01,-0.752,-0.567,0.073,1.79,1.5,1.73
1983-04-01,-0.556,-0.738,0.051,-1.01,1.3,1.26
1983-05-01,-0.059,-0.441,-0.056,-0.57,1.1,1.01
1983-06-01,0.371,0.313,-0.062,0.54,0.7,1.9
1983-07-01,0.525,0.131,-0.023,-0.75,0.3,2.47
1983-08-01,0.345,1.098,-0.166,0.56,-0.1,1.18
1983-09-01,-0.069,0.167,-0.224,-0.65,-0.5,0.47
1983-10-01,-0.288,1.369,-0.203,2.06,-0.8,0.68
1983-11-01,-0.343,-0.688,-0.166,-2.28,-1.0,1.19
1983-12-01,-0.101,0.186,-0.011,0.83,-0.9,1.72
1984-01-01,-0.223,0.905,-0.114,2.53,-0.6,1.42
1984-02-01,-0.149,-0.303,-0.096,1.73,-0.4,1.23
1984-03-01,-0.122,-2.386,-0.133,-2.12,-0.3,1.56
1984-04-01,0.05,-0.284,-0.165,0.33,-0.4,1.0
1984-05-01,-0.305,0.479,-0.174,-2.34,-0.5,0.87
1984-06-01,-0.357,0.007,-0.333,0.33,-0.4,-0.13
1984-07-01,-0.366,0.019,-0.274,0.93,-0.3,-0.35
1984-08-01,-0.498,0.466,-0.234,1.0,-0.2,0.01
1984-09-01,-0.608,-0.413,-0.217,-1.31,-0.2,0.18
1984-10-01,-0.654,-0.27,-0.352,1.66,-0.6,0.43
1984-11-01,-0.418,-0.966,-0.432,-1.16,-0.9,0.54
1984-12-01,-0.278,0.446,-0.326,1.52,-1.1,0.48
1985-01-01,-0.466,-2.806,-0.363,-2.87,-1.0,0.87
1985-02-01,-0.627,-1.44,-0.338,-0.24,-0.8,0.48
1985-03-01,-0.541,0.551,-0.365,0.07,-0.8,-0.34
1985-04-01,-0.2,0.652,-0.409,0.34,-0.8,-0.52
1985-05-01,-0.223,-0.432,-0.346,-2.13,-0.8,-0.87
1985-06-01,-0.629,-0.347,-0.136,-1.08,-0.6,0.04
1985-07-01,-0.403,-0.39,-0.161,1.09,-0.5,0.52
1985-08-01,-0.459,-0.001,-0.29,2.33,-0.5,0.19
1985-09-01,-0.238,0.114,-0.256,0.0,-0.4,0.13
1985-10-01,-0.498,1.035,-0.254,0.14,-0.3,0.14
1985-11-01,0.074,-1.218,-0.304,-2.85,-0.3,-0.65
1985-12-01,-0.417,-1.948,-0.345,-0.43,-0.4,0.33
1986-01-01,-0.113,-0.568,-0.352,1.46,-0.5,1.04
1986-02-01,-0.135,-2.904,-0.284,-4.02,-0.5,1.47
1986-03-01,-0.2,1.931,-0.301,2.86,-0.3,1.68
1986-04-01,-0.286,0.103,-0.333,-0.93,-0.2,1.21
1986-05-01,-0.154,0.367,-0.237,2.16,-0.1,0.85
1986-06-01,-0.278,0.535,-0.27,-1.29,0.0,0.62
1986-07-01,-0.546,-0.008,-0.258,0.88,0.2,1.05
1986-08-01,-0.401,-0.826,-0.281,-2.21,0.4,-0.19
1986-09-01,-0.142,-0.023,-0.229,-1.34,0.7,-0.03
1986-10-01,-0.048,1.425,-0.327,2.27,0.9,1.0
1986-11-01,-0.244,0.926,-0.406,3.41,1.1,1.68
1986-12-01,-0.274,0.06,-0.38,3.42,1.2,1.71
1987-01-01,-0.081,-1.148,-0.287,-2.12,1.2,1.47
1987-02-01,0.041,-1.473,-0.227,-0.24,1.2,1.46
1987-03-01,-0.137,-1.746,-0.042,0.29,1.1,1.35
1987-04-01,-0.157,0.387,0.02,2.59,0.9,1.38
1987-05-01,0.165,0.325,0.059,-0.81,1.0,0.82
1987-06-01,0.109,-0.71,0.194,-0.58,1.2,0.05
1987-07-01,0.207,-0.466,0.27,-1.25,1.5,1.38
1987-08-01,0.297,-0.836,0.27,-2.99,1.7,1.74
1987-09-01,0.393,0.287,0.185,1.27,1.6,1.44
1987-10-01,0.255,-0.08,0.037,-0.8,1.5,0.68
1987-11-01,-0.051,-0.536,-0.079,-0.67,1.3,0.93
1987-12-01,0.152,-0.534,0.034,-0.81,1.1,0.94
1988-01-01,0.353,0.265,-0.051,0.53,0.8,0.23
1988-02-01,-0.154,-1.066,-0.126,-0.11,0.5,0.47
1988-03-01,-0.313,-0.197,-0.021,0.78,0.1,0.49
1988-04-01,-0.128,-0.561,0.04,-2.39,-0.3,0.34
1988-05-01,-0.513,-0.846,0.126,-1.24,-0.9,0.37
1988-06-01,-0.272,0.061,0.154,-2.75,-1.3,0.21
1988-07-01,-0.15,-0.143,0.098,1.46,-1.3,-0.15
1988-08-01,-0.289,0.255,-0.02,0.73,-1.1,-0.88
1988-09-01,-0.394,1.039,-0.107,0.8,-1.2,-0.98
1988-10-01,-0.525,0.032,-0.183,-2.02,-1.5,-0.36
1988-11-01,-0.183,-0.035,-0.16,-1.47,-1.8,-0.06
1988-12-01,0.156,1.679,-0.177,1.85,-1.8,-0.14
1989-01-01,-0.281,3.106,-0.234,3.53,-1.7,-1.24
1989-02-01,-0.045,3.279,-0.169,3.61,-1.4,-1.45
1989-03-01,-0.319,1.53,-0.266,2.45,-1.1,-1.24
1989-04-01,-0.48,-0.25,-0.302,-0.48,-0.8,-0.32
1989-05-01,-0.594,0.889,-0.16,1.16,-0.6,-0.09
1989-06-01,-0.78,0.345,0.078,-0.53,-0.4,0.11
1989-07-01,-0.447,0.866,0.164,0.58,-0.3,0.56
1989-08-01,-0.321,0.551,0.1,1.76,-0.3,-0.44
1989-09-01,-0.225,0.703,-0.108,-0.96,-0.2,-0.57
1989-10-01,-0.412,0.991,-0.136,0.88,-0.2,-0.51
1989-11-01,-0.338,0.034,-0.163,-2.97,-0.2,-0.76
1989-12-01,-0.167,-0.644,-0.166,-2.23,-0.1,-0.1
1990-01-01,-0.099,1.001,-0.312,3.5,0.1,-0.42
1990-02-01,-0.289,3.402,-0.175,5.11,0.2,-1.28
1990-03-01,-0.143,2.99,-0.192,3.11,0.3,-1.24
1990-04-01,-0.385,1.879,-0.131,1.77,0.3,-0.15
1990-05-01,-0.348,0.943,-0.072,-1.19,0.3,-0.32
1990-06-01,-0.568,0.304,-0.07,0.42,0.3,-0.25
1990-07-01,-0.246,-0.296,-0.035,1.43,0.3,-0.31
1990-08-01,-0.392,-0.18,0.039,3.31,0.4,-0.43
1990-09-01,-0.183,-0.21,0.133,-0.99,0.4,-0.26
1990-10-01,-0.345,0.66,0.099,-0.59,0.3,-1.16
1990-11-01,-0.094,0.521,-0.067,-1.48,0.4,-1.88
1990-12-01,0.003,1.277,-0.05,0.34,0.4,-2.22
1991-01-01,0.065,0.723,-0.209,1.87,0.4,-1.8
1991-02-01,-0.097,-0.876,-0.131,-0.02,0.3,-1.09
1991-03-01,-0.037,-0.527,-0.083,-1.37,0.2,-1.11
1991-04-01,0.289,0.53,-0.147,1.48,0.3,-1.63
1991-05-01,0.379,0.486,-0.168,-0.04,0.5,-1.65
1991-06-01,0.263,-0.115,-0.144,-0.31,0.6,-2.25
1991-07-01,0.27,-0.188,-0.122,-0.28,0.7,-1.57
1991-08-01,0.058,0.797,-0.123,2.71,0.6,-0.58
1991-09-01,0.099,-0.112,-0.052,-1.12,0.6,0.37
1991-10-01,-0.03,-0.252,-0.277,-1.77,0.8,0.41
1991-11-01,0.04,0.285,-0.276,1.68,1.2,0.56
1991-12-01,0.084,1.613,-0.229,1.24,1.5,-0.21
1992-01-01,-0.321,0.55,-0.205,0.64,1.7,0.08
1992-02-01,-0.389,1.122,-0.109,3.18,1.6,0.17
1992-03-01,-0.671,0.984,-0.108,1.66,1.5,0.12
1992-04-01,-0.553,-0.521,-0.199,1.32,1.3,0.55
1992-05-01,-0.549,1.341,-0.237,0.79,1.1,1.26
1992-06-01,-0.861,-0.302,-0.166,-1.74,0.7,1.22
1992-07-01,-0.479,0.191,-0.235,1.04,0.4,1.5
1992-08-01,-0.768,0.535,-0.396,3.97,0.1,0.85
1992-09-01,-0.833,-0.64,-0.385,0.99,-0.1,0.45
1992-10-01,-0.627,-0.366,-0.316,-3.33,-0.2,1.28
1992-11-01,-0.399,0.717,-0.35,4.52,-0.3,1.31
1992-12-01,-0.317,1.627,-0.3,0.21,-0.1,0.33
1993-01-01,-0.196,3.495,-0.256,3.91,0.1,-0.28
1993-02-01,0.035,0.184,-0.202,0.11,0.3,0.02
1993-03-01,-0.295,0.764,-0.26,1.47,0.5,0.24
1993-04-01,-0.181,-0.435,-0.189,0.83,0.7,1.0
1993-05-01,-0.027,-1.607,-0.18,-2.59,0.7,1.79
1993-06-01,-0.108,-0.52,-0.197,0.16,0.6,2.05
1993-07-01,-0.152,-0.511,-0.293,0.64,0.3,1.48
1993-08-01,-0.305,-0.393,-0.245,0.75,0.3,1.96
1993-09-01,-0.17,-0.361,-0.181,-2.6,0.2,1.15
1993-10-01,-0.156,-0.565,-0.259,-4.13,0.1,1.31
1993-11-01,-0.149,1.002,-0.335,0.77,0.0,1.13
1993-12-01,-0.206,-0.104,-0.31,2.17,0.1,0.67
1994-01-01,0.025,-0.288,-0.313,1.28,0.1,0.85
1994-02-01,-0.146,-0.862,-0.326,0.07,0.1,0.33
1994-03-01,0.202,1.881,-0.296,3.68,0.2,0.27
1994-04-01,0.351,0.225,-0.217,1.38,0.3,0.49
1994-05-01,0.544,-0.115,-0.224,-1.43,0.4,0.55
1994-06-01,0.433,1.606,-0.239,2.98,0.4,0.1
1994-07-01,0.557,0.351,-0.248,-0.09,0.4,-0.91
1994-08-01,0.811,0.828,-0.252,-1.59,0.4,-0.88
1994-09-01,0.529,-0.084,-0.169,-2.85,0.6,-1.51
1994-10-01,0.707,0.174,-0.076,-1.88,0.7,-1.06
1994-11-01,0.287,1.779,-0.037,1.68,1.0,-1.93
1994-12-01,0.263,0.894,-0.108,2.86,1.1,-2.22
1995-01-01,0.14,-0.154,-0.08,2.7,1.0,-0.86
1995-02-01,0.164,1.429,-0.057,3.13,0.7,0.02
1995-03-01,-0.05,0.393,-0.001,1.06,0.5,0.46
1995-04-01,-0.221,-0.963,0.058,-1.81,0.3,0.49
1995-05-01,-0.251,-0.891,0.254,-0.36,0.1,0.89
1995-06-01,-0.078,-0.112,0.346,-3.36,0.0,1.03
1995-07-01,-0.169,-0.217,0.296,-0.96,-0.2,1.0
1995-08-01,-0.144,0.544,0.165,-1.33,-0.5,-0.11
1995-09-01,-0.18,-0.549,0.036,-1.55,-0.8,1.22
1995-10-01,-0.367,0.075,0.084,1.22,-1.0,0.64
1995-11-01,-0.294,-0.723,0.109,-2.73,-1.0,0.05
1995-12-01,0.09,-2.127,0.024,-3.33,-1.0,0.44
1996-01-01,-0.021,-1.2,-0.028,-3.27,-0.9,1.01
1996-02-01,-0.033,0.163,-0.05,-0.12,-0.8,1.01
1996-03-01,-0.085,-1.483,-0.075,-2.57,-0.6,0.85
1996-04-01,-0.369,-1.525,-0.008,-0.31,-0.4,1.37
1996-05-01,-0.266,-0.226,-0.083,-1.5,-0.3,2.13
1996-06-01,-0.394,0.497,-0.141,1.43,-0.3,1.1
1996-07-01,-0.643,0.715,-0.123,1.47,-0.3,0.57
1996-08-01,-0.681,0.125,-0.026,-0.19,-0.3,-0.66
1996-09-01,-0.712,-1.14,-0.02,-2.23,-0.4,0.07
1996-10-01,-1.108,0.183,-0.163,-0.07,-0.4,0.4
1996-11-01,-0.797,0.136,-0.192,-0.05,-0.4,0.38
1996-12-01,-0.413,-1.721,-0.173,-4.7,-0.5,-0.03
1997-01-01,-0.11,-0.457,-0.109,-1.95,-0.5,0.44
1997-02-01,0.079,1.889,-0.054,5.26,-0.4,0.29
1997-03-01,0.043,1.091,-0.013,2.09,-0.1,0.39
1997-04-01,0.054,0.324,-0.011,-0.97,0.3,0.73
1997-05-01,0.025,-0.961,0.021,-1.35,0.8,1.59
1997-06-01,0.082,-0.815,-0.01,-4.05,1.2,2.55
1997-07-01,0.447,-0.431,0.042,1.18,1.6,1.49
1997-08-01,0.634,0.121,-0.003,1.78,1.9,2.27
1997-09-01,0.771,0.195,0.091,-0.67,2.1,1.8
1997-10-01,0.873,-0.7,0.132,-2.26,2.3,1.78
1997-11-01,1.279,-0.661,0.033,-0.99,2.4,1.48
1997-12-01,0.863,-0.071,0.113,-0.2,2.4,0.99
1998-01-01,0.525,-2.081,0.112,-0.28,2.2,1.05
1998-02-01,0.422,-0.183,0.273,2.44,1.9,1.52
1998-03-01,-0.055,-0.254,0.303,1.24,1.4,1.29
1998-04-01,0.047,-0.038,0.273,-0.39,1.0,0.03
1998-05-01,0.14,0.429,0.365,-1.26,0.5,-0.83
1998-06-01,0.147,-0.711,0.471,-0.85,-0.1,-0.78
1998-07-01,-0.385,-0.212,0.469,-0.57,-0.8,-1.16
1998-08-01,-0.58,0.65,0.494,1.8,-1.1,-0.87
1998-09-01,-0.496,-1.05,0.394,-3.48,-1.3,-1.7
1998-10-01,-0.743,0.294,0.363,1.34,-1.4,-2.23
1998-11-01,-0.653,-1.449,0.298,1.13,-1.5,-0.97
1998-12-01,-0.336,1.353,0.261,1.95,-1.6,-1.09
1999-01-01,-0.13,0.11,0.032,0.9,-1.5,-0.78
1999-02-01,-0.038,0.482,0.039,1.8,-1.3,-1.06
1999-03-01,0.102,-1.492,0.05,-0.72,-1.1,-1.18
1999-04-01,-0.002,0.284,0.033,0.43,-1.0,-1.85
1999-05-01,-0.186,0.226,0.144,1.03,-1.0,-2.32
1999-06-01,-0.145,0.707,0.161,1.39,-1.0,-2.34
1999-07-01,0.112,-0.002,0.179,-1.85,-1.1,-1.87
1999-08-01,0.023,-0.672,0.288,-3.67,-1.1,-1.84
1999-09-01,-0.05,0.059,0.166,-0.51,-1.2,-2.24
1999-10-01,-0.19,-0.006,-0.002,-0.69,-1.3,-2.54
1999-11-01,-0.116,0.611,-0.067,0.3,-1.5,-2.18
1999-12-01,-0.148,1.043,-0.004,2.13,-1.7,-1.92
2000-01-01,-0.125,1.27,-0.102,0.35,-1.7,-2.2
2000-02-01,-0.009,1.076,-0.057,4.37,-1.4,-1.28
2000-03-01,0.14,-0.451,0.085,0.54,-1.1,-0.66
2000-04-01,0.141,-0.279,0.023,-3.34,-0.8,-0.63
2000-05-01,0.113,0.969,0.086,0.31,-0.7,-0.81
2000-06-01,-0.022,0.586,-0.037,0.89,-0.6,-0.64
2000-07-01,0.077,-0.649,0.053,-2.99,-0.6,-1.51
2000-08-01,0.131,0.144,0.084,0.78,-0.5,-1.68
2000-09-01,-0.096,0.395,0.083,-1.1,-0.5,-1.45
2000-10-01,-0.142,0.317,-0.059,1.37,-0.6,-1.61
2000-11-01,-0.306,-1.581,-0.072,-0.24,-0.7,-1.04
2000-12-01,-0.248,-2.354,-0.146,-1.41,-0.7,0.0
2001-01-01,-0.431,-0.959,-0.146,0.02,-0.7,0.48
2001-02-01,-0.017,-0.622,-0.046,0.07,-0.5,-0.01
2001-03-01,-0.01,-1.687,-0.005,-0.68,-0.4,-0.41
2001-04-01,0.136,0.906,-0.031,1.24,-0.3,-1.18
2001-05-01,0.137,0.452,-0.028,-0.09,-0.3,-1.12
2001-06-01,0.127,-0.015,0.179,-1.33,-0.1,-1.22
2001-07-01,-0.14,-0.031,0.116,-1.12,-0.1,-2.21
2001-08-01,-0.301,0.521,0.158,1.64,-0.1,-1.68
2001-09-01,-0.223,-0.707,0.267,-3.83,-0.2,-1.98
2001-10-01,-0.451,0.707,0.232,0.88,-0.3,-1.91
2001-11-01,-0.245,0.819,0.137,0.01,-0.3,-1.25
2001-12-01,-0.051,-1.322,0.194,-2.25,-0.3,-1.12
2002-01-01,-0.142,1.381,0.162,2.31,-0.1,-0.42
2002-02-01,-0.098,1.304,0.146,3.01,0.0,-1.51
2002-03-01,0.008,0.902,0.125,0.09,0.1,-1.27
2002-04-01,-0.352,0.748,0.008,0.91,0.2,-1.23
2002-05-01,-0.329,0.401,-0.068,-0.05,0.4,-1.3
2002-06-01,-0.19,0.573,-0.136,0.9,0.7,-1.18
2002-07-01,-0.26,0.328,-0.085,-0.71,0.8,-0.71
2002-08-01,-0.208,-0.229,0.087,-0.61,0.9,0.11
2002-09-01,0.286,-0.043,0.06,-3.58,1.0,-0.21
2002-10-01,0.405,-1.489,0.092,-1.5,1.2,-0.2
2002-11-01,0.096,-1.425,0.0,-0.27,1.3,1.08
2002-12-01,-0.158,-1.592,-0.015,-0.98,1.1,1.57
2003-01-01,-0.239,-0.472,0.031,0.15,0.9,1.45
2003-02-01,0.017,0.128,-0.032,1.34,0.6,1.23
2003-03-01,-0.039,0.933,0.093,1.08,0.4,1.01
2003-04-01,-0.099,-0.178,0.06,-1.74,0.0,0.36
2003-05-01,-0.164,1.017,0.132,1.17,-0.3,0.21
2003-06-01,0.139,-0.102,0.186,-0.86,-0.2,-0.42
2003-07-01,0.131,0.075,0.257,0.09,0.1,0.37
2003-08-01,0.108,-0.28,0.396,-0.99,0.2,0.63
2003-09-01,-0.061,0.467,0.432,0.35,0.3,-0.17
2003-10-01,-0.243,-0.67,0.407,-3.68,0.3,0.74
2003-11-01,-0.159,0.642,0.204,0.31,0.4,-0.23
2003-12-01,0.189,0.265,0.205,-0.85,0.4,-0.6
2004-01-01,0.044,-1.686,0.191,0.2,0.4,-0.55
2004-02-01,0.114,-1.528,0.19,-1.23,0.3,-0.21
2004-03-01,0.077,0.318,0.138,1.07,0.2,-0.15
2004-04-01,-0.08,-0.409,0.089,1.08,0.2,-0.0
2004-05-01,-0.565,-0.094,-0.014,-0.67,0.2,0.61
2004-06-01,-0.384,-0.236,0.158,-0.38,0.3,-0.11
2004-07-01,-0.301,-0.201,0.208,-0.3,0.5,0.04
2004-08-01,-0.132,-0.72,0.297,-0.76,0.6,0.24
2004-09-01,-0.106,0.855,0.221,2.51,0.7,0.02
2004-10-01,-0.004,-0.515,0.222,-2.18,0.7,-0.72
2004-11-01,-0.153,0.678,0.201,-0.55,0.7,-1.22
2004-12-01,-0.132,1.23,0.168,1.27,0.7,-0.64
2005-01-01,-0.124,0.356,0.091,1.82,0.6,-0.15
2005-02-01,-0.56,-1.271,0.106,-2.25,0.6,-0.01
2005-03-01,-0.432,-1.348,0.264,-1.29,0.4,0.7
2005-04-01,0.084,-0.046,0.272,0.71,0.4,0.28
2005-05-01,-0.033,-0.763,0.273,-0.13,0.3,1.36
2005-06-01,-0.176,-0.383,0.307,-1.0,0.1,0.85
2005-07-01,-0.384,-0.03,0.427,-0.08,-0.1,0.11
2005-08-01,-0.345,0.026,0.42,0.94,-0.1,-0.42
2005-09-01,-0.534,0.802,0.399,0.5,-0.1,-0.99
2005-10-01,-0.436,0.03,0.218,-0.45,-0.3,-2.0
2005-11-01,-0.272,0.228,0.12,-1.01,-0.6,-1.89
2005-12-01,-0.3,-2.104,0.196,-0.81,-0.8,-0.1
2006-01-01,-0.135,-0.17,0.104,-0.1,-0.9,0.54
2006-02-01,-0.305,-0.156,0.055,-1.24,-0.8,0.38
2006-03-01,-0.226,-1.604,0.04,-1.12,-0.6,-0.74
2006-04-01,-0.015,0.138,0.177,0.57,-0.4,-0.54
2006-05-01,-0.207,0.156,0.288,-0.22,-0.1,-0.37
2006-06-01,-0.059,1.071,0.313,-0.41,0.0,0.21
2006-07-01,0.04,0.103,0.354,0.83,0.1,0.39
2006-08-01,0.229,-0.265,0.381,-2.47,0.3,-0.85
2006-09-01,0.428,0.606,0.344,-1.02,0.5,-1.54
2006-10-01,0.577,-1.029,0.314,-1.97,0.8,-0.46
2006-11-01,0.501,0.521,0.269,2.0,0.9,-0.81
2006-12-01,0.172,2.282,0.151,3.03,0.9,-0.42
2007-01-01,0.224,2.034,0.151,1.76,0.7,-0.69
2007-02-01,0.15,-1.307,0.197,0.42,0.2,-0.71
2007-03-01,0.116,1.182,0.107,2.03,-0.1,-1.1
2007-04-01,0.1,0.544,0.139,-0.1,-0.3,-0.46
2007-05-01,0.27,0.894,0.091,0.62,-0.4,-0.29
2007-06-01,0.03,-0.555,0.068,-3.34,-0.5,-0.07
2007-07-01,0.045,-0.397,0.109,-1.05,-0.6,0.43
2007-08-01,0.236,-0.034,0.035,-3.41,-0.8,0.09
2007-09-01,0.235,0.179,0.078,-1.18,-1.1,-0.97
2007-10-01,0.068,0.383,0.138,-0.02,-1.3,-2.33
2007-11-01,-0.023,-0.519,0.156,-1.67,-1.5,-1.46
2007-12-01,-0.227,0.821,0.091,1.36,-1.6,-0.87
2008-01-01,0.115,0.819,0.01,1.85,-1.6,-1.5
2008-02-01,-0.072,0.938,0.108,1.79,-1.5,-1.46
2008-03-01,0.097,0.586,0.138,0.37,-1.3,-1.26
2008-04-01,-0.153,-0.455,0.022,-2.02,-1.0,-1.79
2008-05-01,0.178,-1.205,0.152,-3.26,-0.8,-1.62
2008-06-01,0.215,-0.09,0.236,-1.62,-0.6,-1.85
2008-07-01,0.246,-0.48,0.186,-1.13,-0.4,-1.96
2008-08-01,0.124,-0.08,0.155,-0.21,-0.2,-1.85
2008-09-01,0.086,-0.327,0.178,-2.07,-0.2,-1.87
2008-10-01,0.029,1.676,0.082,0.01,-0.4,-1.9
2008-11-01,-0.128,0.092,-0.019,-1.3,-0.6,-1.59
2008-12-01,-0.053,0.648,-0.002,-0.58,-0.7,-1.31
2009-01-01,0.031,0.8,-0.079,0.6,-0.8,-1.81
2009-02-01,0.163,-0.672,-0.185,-1.43,-0.8,-1.78
2009-03-01,0.1,0.121,-0.18,0.15,-0.6,-2.06
2009-04-01,0.126,0.973,-0.151,1.74,-0.3,-2.23
2009-05-01,0.256,1.194,-0.082,1.52,0.0,-1.32
2009-06-01,0.1,-1.351,0.101,-3.05,0.3,-0.73
2009-07-01,-0.192,-1.356,0.208,-0.92,0.5,-0.71
2009-08-01,-0.104,-0.054,0.132,1.07,0.6,-0.49
2009-09-01,-0.103,0.875,0.037,-0.63,0.7,0.33
2009-10-01,-0.013,-1.54,0.144,-1.53,1.0,-0.13
2009-11-01,-0.067,0.459,0.049,1.68,1.4,-0.94
2009-12-01,0.16,-3.413,0.062,-3.73,1.6,-0.51
2010-01-01,0.294,-2.587,0.019,-2.38,1.5,0.05
2010-02-01,0.023,-4.266,0.157,-3.92,1.2,0.25
2010-03-01,0.458,-0.432,0.267,-0.8,0.8,-0.16
2010-04-01,0.37,-0.275,0.405,-1.03,0.4,-0.04
2010-05-01,-0.03,-0.919,0.439,-1.66,-0.2,-0.18
2010-06-01,-0.14,-0.013,0.427,-3.65,-0.7,-0.79
2010-07-01,-0.001,0.435,0.429,0.06,-1.0,-1.99
2010-08-01,-0.062,-0.117,0.505,-2.01,-1.3,-2.21
2010-09-01,-0.268,-0.865,0.428,-2.38,-1.6,-2.45
2010-10-01,-0.437,-0.467,0.303,-2.41,-1.6,-1.6
2010-11-01,-0.495,-0.376,0.215,-3.34,-1.6,-1.57
2010-12-01,-0.212,-2.631,0.187,-4.61,-1.6,-2.04
2011-01-01,0.192,-1.683,0.123,-1.38,-1.4,-1.8
2011-02-01,0.242,1.575,0.087,2.79,-1.2,-1.46
2011-03-01,0.367,1.424,0.034,-0.17,-0.9,-1.28
2011-04-01,0.154,2.275,0.071,2.39,-0.7,-1.02
2011-05-01,-0.089,-0.035,0.131,1.08,-0.6,-0.66
2011-06-01,0.055,-0.858,0.157,-1.58,-0.4,-1.08
2011-07-01,0.223,-0.472,0.071,-3.39,-0.5,-2.3
2011-08-01,0.344,-1.063,0.126,-2.41,-0.6,-2.37
2011-09-01,0.202,0.665,0.123,2.97,-0.8,-2.5
2011-10-01,0.356,0.8,0.042,1.31,-1.0,-1.92
2011-11-01,0.336,1.459,-0.092,0.74,-1.1,-2.95
2011-12-01,-0.128,2.221,-0.066,3.2,-1.0,-2.4
2012-01-01,0.046,-0.22,-0.086,2.05,-0.9,-1.85
2012-02-01,-0.078,-0.036,-0.017,1.28,-0.7,-1.35
2012-03-01,0.026,1.037,0.005,1.78,-0.6,-1.66
2012-04-01,-0.271,-0.035,0.059,-2.36,-0.5,-1.01
2012-05-01,-0.37,0.168,0.143,-0.83,-0.3,-2.12
2012-06-01,0.001,-0.672,0.279,-2.58,0.0,-1.63
2012-07-01,0.546,0.168,0.354,-1.31,0.2,-2.4
2012-08-01,0.652,0.014,0.41,-0.44,0.4,-2.6
2012-09-01,0.453,0.772,0.427,-1.44,0.4,-2.99
2012-10-01,0.11,-1.514,0.308,-3.21,0.3,-1.22
2012-11-01,-0.1,-0.111,0.144,-1.11,0.1,-0.66
2012-12-01,0.268,-1.749,0.12,0.6,-0.2,-1.31
2013-01-01,-0.065,-0.61,0.107,1.08,-0.4,-1.1
2013-02-01,0.189,-1.007,0.094,-0.26,-0.4,-1.42
2013-03-01,0.083,-3.185,0.137,-3.75,-0.3,-1.48
2013-04-01,-0.297,0.322,0.115,0.03,-0.3,-0.72
2013-05-01,-0.506,0.494,0.08,1.23,-0.4,-0.4
2013-06-01,-0.497,0.549,0.025,1.4,-0.4,-1.19
2013-07-01,-0.18,-0.011,0.169,2.52,-0.4,-1.34
2013-08-01,-0.194,0.154,0.173,2.16,-0.3,-1.56
2013-09-01,-0.31,-0.461,0.233,-0.57,-0.3,-1.0
2013-10-01,-0.168,0.263,0.325,-0.36,-0.2,-1.65
2013-11-01,0.199,2.029,0.107,0.04,-0.2,-1.09
2013-12-01,0.141,1.475,0.015,3.54,-0.3,-1.04
2014-01-01,-0.101,-0.969,-0.083,0.71,-0.4,-0.57
2014-02-01,-0.089,0.044,-0.064,2.32,-0.5,-0.42
2014-03-01,-0.151,1.206,-0.103,1.64,-0.3,0.3
2014-04-01,-0.058,0.972,-0.116,0.84,0.0,0.36
2014-05-01,-0.092,0.464,-0.023,-0.08,0.2,1.27
2014-06-01,-0.028,-0.507,0.04,-1.98,0.2,-0.28
2014-07-01,-0.363,-0.489,0.2,0.91,0.0,0.25
2014-08-01,-0.372,-0.372,0.313,-1.14,0.1,0.34
2014-09-01,-0.145,0.102,0.288,-2.1,0.2,0.76
2014-10-01,0.141,-1.134,0.27,0.31,0.5,1.43
2014-11-01,0.01,-0.53,0.043,-2.17,0.6,1.35
2014-12-01,0.046,0.413,0.037,1.89,0.7,1.86
2015-01-01,-0.1,1.092,-0.03,2.81,0.5,1.51
2015-02-01,-0.345,1.043,-0.026,1.47,0.5,1.52
2015-03-01,-0.241,1.837,-0.151,1.99,0.5,1.33
2015-04-01,-0.008,1.216,-0.093,1.03,0.7,0.9
2015-05-01,0.24,0.763,0.023,2.09,0.9,0.32
2015-06-01,0.296,0.427,0.007,0.28,1.2,0.82
2015-07-01,0.225,-1.108,0.11,-2.16,1.5,1.41
2015-08-01,0.567,-0.689,0.156,1.47,1.9,0.98
2015-09-01,0.294,-0.165,0.278,-1.65,2.2,0.97
2015-10-01,0.483,-0.25,0.302,-1.13,2.4,0.84
2015-11-01,0.347,1.945,0.164,3.54,2.6,0.17
2015-12-01,0.272,1.444,0.207,4.22,2.6,0.29
2016-01-01,0.266,-1.449,0.209,1.17,2.5,0.75
2016-02-01,-0.11,-0.024,0.133,1.61,2.1,1.29
2016-03-01,-0.009,0.28,0.166,0.33,1.6,1.56
2016-04-01,0.146,-1.051,0.155,-2.06,0.9,1.74
2016-05-01,-0.113,-0.036,0.322,-0.83,0.4,1.6
2016-06-01,-0.443,0.313,0.387,-1.27,-0.1,0.87
2016-07-01,-0.758,0.085,0.41,2.19,-0.4,0.57
2016-08-01,-0.444,0.472,0.434,2.14,-0.5,-0.63
2016-09-01,-0.437,0.781,0.435,2.45,-0.6,-0.8
2016-10-01,-0.372,-1.917,0.358,-1.47,-0.7,-0.43
2016-11-01,-0.382,-0.611,0.368,-1.61,-0.7,0.96
2016-12-01,-0.31,1.786,0.313,2.1,-0.6,0.61
2017-01-01,-0.086,0.942,0.203,0.17,-0.3,-0.06
2017-02-01,0.101,0.34,0.204,1.38,-0.2,-0.02
2017-03-01,0.357,1.365,0.145,1.05,0.1,0.1
2017-04-01,0.499,-0.089,0.26,1.5,0.2,0.56
2017-05-01,0.536,-0.73,0.292,0.38,0.3,0.45
2017-06-01,0.424,0.402,0.285,-0.55,0.3,0.33
2017-07-01,0.52,0.634,0.28,0.1,0.1,-0.45
2017-08-01,0.349,0.15,0.287,-0.04,-0.1,-0.63
2017-09-01,0.034,-0.492,0.328,1.42,-0.4,-0.2
2017-10-01,0.016,0.69,0.411,1.36,-0.7,-0.68
2017-11-01,0.289,-0.078,0.329,-0.9,-0.8,-0.6
2017-12-01,0.109,-0.059,0.341,1.0,-1.0,-0.03
2018-01-01,-0.2,-0.281,0.15,1.82,-0.9,0.38
2018-02-01,0.215,0.113,0.04,-0.1,-0.9,-0.09
2018-03-01,-0.12,-0.941,0.109,-1.12,-0.7,-0.72
2018-04-01,-0.083,0.544,0.041,2.37,-0.5,-0.82
2018-05-01,0.122,1.18,-0.023,2.01,-0.2,-0.45
2018-06-01,0.155,0.38,-0.034,-1.4,0.0,-0.66
2018-07-01,0.053,0.612,-0.005,3.83,0.1,-0.01
2018-08-01,0.122,0.836,0.09,1.26,0.2,-0.24
2018-09-01,0.604,0.585,0.139,0.45,0.5,-0.35
2018-10-01,0.685,0.413,0.121,-1.17,0.8,-0.58
2018-11-01,0.5,-1.116,-0.143,-1.28,0.9,-0.7
2018-12-01,0.309,0.11,-0.083,1.93,0.8,-0.21
2019-01-01,0.387,-0.713,-0.037,-0.36,0.7,-0.34
2019-02-01,0.416,1.149,0.058,1.9,0.7,-0.72
2019-03-01,0.224,2.116,0.099,2.39,0.7,-0.4
2019-04-01,0.258,-0.255,0.101,1.7,0.7,0.09
2019-05-01,0.539,-1.231,0.065,2.05,0.5,0.26
2019-06-01,0.605,-0.601,0.151,-2.82,0.5,-0.07
2019-07-01,0.597,-0.89,0.329,-2.79,0.3,0.52
2019-08-01,0.436,-0.722,0.315,0.1,0.1,-0.0
2019-09-01,0.893,0.306,0.223,-0.32,0.2,0.12
2019-10-01,0.964,-0.082,0.136,-1.11,0.3,-0.9
2019-11-01,0.835,-1.193,0.087,-1.84,0.5,-0.51
2019-12-01,0.243,0.412,0.142,0.74,0.5,-0.0
2020-01-01,0.173,2.419,0.073,3.11,0.5,-1.41
2020-02-01,0.054,3.417,0.333,4.7,0.5,-1.48
2020-03-01,0.019,2.641,0.346,0.36,0.4,-1.75
2020-04-01,-0.011,0.928,0.347,-0.71,0.2,-1.32
2020-05-01,0.298,-0.027,0.243,-0.09,-0.1,-0.53
2020-06-01,0.454,-0.122,0.249,-1.52,-0.3,-0.75
2020-07-01,0.32,-0.412,0.341,-1.23,-0.4,-0.92
2020-08-01,-0.183,-0.381,0.425,-1.36,-0.6,-1.33
2020-09-01,-0.19,0.631,0.296,0.49,-0.9,-1.04
2020-10-01,0.074,-0.072,0.289,-0.19,-1.2,-0.62
2020-11-01,0.02,2.086,0.113,1.25,-1.3,-1.58
2020-12-01,0.03,-1.736,0.163,-0.78,-1.2,-0.99
2021-01-01,0.051,-2.484,0.126,-1.57,-1.0,-0.61
2021-02-01,0.243,-1.191,0.139,0.5,-0.9,-1.09
2021-03-01,0.266,2.109,0.112,0.72,-0.8,-1.67
2021-04-01,0.25,-0.204,0.054,-3.31,-0.7,-1.84
2021-05-01,0.009,-0.161,0.072,-0.34,-0.5,-2.04
2021-06-01,-0.002,0.845,0.139,0.35,-0.4,-1.82
2021-07-01,-0.228,0.63,0.21,-1.59,-0.4,-2.0
2021-08-01,-0.099,-0.209,0.245,-2.44,-0.5,-0.95
2021-09-01,-0.058,-0.252,0.402,-0.16,-0.7,-1.96
2021-10-01,-0.091,-0.146,0.475,0.49,-0.8,-3.13
2021-11-01,0.069,0.093,0.445,-1.1,-1.0,-2.75
2021-12-01,-0.12,0.198,0.252,0.37,-1.0,-2.71
2022-01-01,-0.056,0.848,0.176,1.46,-1.0,-2.4
2022-02-01,-0.083,1.544,0.133,3.34,-0.9,-1.91
2022-03-01,-0.093,0.305,0.009,-0.33,-1.0,-1.67
2022-04-01,-0.068,-0.603,0.11,-2.3,-1.1,-2.09
2022-05-01,-0.122,1.224,0.197,2.07,-1.0,-2.24
2022-06-01,-0.335,-0.074,0.199,-0.34,-0.9,-1.32
2022-07-01,-0.195,0.025,0.136,0.6,-0.8,-2.64
2022-08-01,-0.246,-0.17,0.358,-1.7,-0.9,-2.38
2022-09-01,-0.322,-0.655,0.662,-3.73,-1.0,-2.29
2022-10-01,-0.691,1.346,0.483,0.86,-1.0,-1.81
2022-11-01,-0.269,0.339,0.282,2.37,-0.9,-2.41
2022-12-01,-0.092,-2.719,0.218,-3.06,-0.8,-2.21
