1880-01-01,-0.853919153156391
1880-02-01,-0.980534989571186
1880-03-01,-0.811063814374107
1880-04-01,-0.814480019962362
1880-05-01,-0.690319789000576
1880-06-01,-0.820101049049277
1880-07-01,-0.822811718524164
1880-08-01,-0.718331020288445
1880-09-01,-0.77491754144363
1880-10-01,-0.911567293784562
1880-11-01,-0.9169935259571
1880-12-01,-0.842905225575018
1881-01-01,-0.837379424842151
1881-02-01,-0.839264122994717
1881-03-01,-0.691477589982145
1881-04-01,-0.564457596770562
1881-05-01,-0.48881225401966
1881-06-01,-0.79583569580464
1881-07-01,-0.560168184923315
1881-08-01,-0.629727211513805
1881-09-01,-0.773158343285432
1881-10-01,-0.920566046694608
1881-11-01,-0.886436652058296
1881-12-01,-0.711179179762985
1882-01-01,-0.4266338669457
1882-02-01,-0.496854033806946
1882-03-01,-0.664744532238297
1882-04-01,-0.799575056320264
1882-05-01,-0.728657920034098
1882-06-01,-0.822942068091601
1882-07-01,-0.774351291671203
1882-08-01,-0.685523884190327
1882-09-01,-0.77200112823708
1882-10-01,-0.932629740967487
1882-11-01,-0.871297999510655
1882-12-01,-1.07723997573763
1883-01-01,-0.976275395001377
1883-02-01,-1.09270062229126
1883-03-01,-0.849338416654636
1883-04-01,-0.842077736608693
1883-05-01,-0.784759689517259
1883-06-01,-0.649219965058996
1883-07-01,-0.680683434085042
1883-08-01,-0.771468342855673
1883-09-01,-0.862936785306349
1883-10-01,-0.775646878937865
1883-11-01,-0.951506009899498
1883-12-01,-0.769701303108411
1884-01-01,-0.787111541309288
1884-02-01,-0.75737862767926
1884-03-01,-1.13232761450844
1884-04-01,-1.08352136723787
1884-05-01,-0.97288009793814
1884-06-01,-0.988492645780199
1884-07-01,-0.980855964518797
1884-08-01,-0.949198905076412
1884-09-01,-0.929166890069375
1884-10-01,-0.959204360178006
1884-11-01,-1.06361780067944
1884-12-01,-1.00071668433057
1885-01-01,-1.32185540741721
1885-02-01,-1.03683473772418
1885-03-01,-1.02245462783818
1885-04-01,-1.12174922584021
1885-05-01,-1.11093561115627
1885-06-01,-1.10010593601799
1885-07-01,-0.996315708739293
1885-08-01,-0.973905335630232
1885-09-01,-0.938286444516176
1885-10-01,-0.925269528491604
1885-11-01,-0.937610847674689
1885-12-01,-0.739881415507157
1886-01-01,-1.14755658233645
1886-02-01,-1.24792390626981
1886-03-01,-1.20147443147815
1886-04-01,-0.938345216461739
1886-05-01,-0.854369373359554
1886-06-01,-0.963626833377734
1886-07-01,-0.793396739431282
1886-08-01,-0.963982817234633
1886-09-01,-0.870285790011633
1886-10-01,-0.958042232144266
1886-11-01,-0.973324281084239
1886-12-01,-0.924607039175425
1887-01-01,-1.47339928643855
1887-02-01,-1.32572487587836
1887-03-01,-1.12146310236489
1887-04-01,-1.01687439049263
1887-05-01,-0.925374207797417
1887-06-01,-0.85039437072213
1887-07-01,-0.895795727441773
1887-08-01,-1.02555285155206
1887-09-01,-0.882713405962695
1887-10-01,-1.0719909078378
1887-11-01,-0.957398624791215
1887-12-01,-1.00779101887194
1888-01-01,-1.00421342052511
1888-02-01,-1.07609426544815
1888-03-01,-1.19156332840783
1888-04-01,-0.848823893819966
1888-05-01,-0.823405150351056
1888-06-01,-0.757759884394275
1888-07-01,-0.698815267525794
1888-08-01,-0.77769166474556
1888-09-01,-0.731743644392771
1888-10-01,-0.617509706190254
1888-11-01,-0.601564703071818
1888-12-01,-0.664913768286355
1889-01-01,-0.715543530999204
1889-02-01,-0.466738834986118
1889-03-01,-0.629506164077642
1889-04-01,-0.483285530869551
1889-05-01,-0.562049580692238
1889-06-01,-0.664048440248576
1889-07-01,-0.662047648507002
1889-08-01,-0.822479982972571
1889-09-01,-0.86817555868962
1889-10-01,-0.938647922312363
1889-11-01,-1.04834817672703
1889-12-01,-0.978321296930098
1890-01-01,-1.13230936617119
1890-02-01,-1.17559869227704
1890-03-01,-1.17164391777423
1890-04-01,-0.958195724853311
1890-05-01,-1.02906591118219
1890-06-01,-0.845114595432798
1890-07-01,-0.915632061929268
1890-08-01,-1.05844379588604
1890-09-01,-1.02104671234971
1890-10-01,-0.923990905516173
1890-11-01,-1.18028542023068
1890-12-01,-0.983290995567848
1891-01-01,-1.00635276594054
1891-02-01,-1.21895585547535
1891-03-01,-0.900161609083584
1891-04-01,-0.917411503112178
1891-05-01,-0.754086355380852
1891-06-01,-0.792958958432688
1891-07-01,-0.789265492837772
1891-08-01,-0.791729733672175
1891-09-01,-0.761885559727229
1891-10-01,-0.892551142163713
1891-11-01,-1.02094968897681
1891-12-01,-0.645819009214028
1892-01-01,-0.968368649332969
1892-02-01,-0.800347839374964
1892-03-01,-1.1674891670725
1892-04-01,-1.0133380775127
1892-05-01,-0.850757587065811
1892-06-01,-0.821238827339583
1892-07-01,-0.974591719857737
1892-08-01,-0.927123058763289
1892-09-01,-0.796004329650144
1892-10-01,-0.809641830086975
1892-11-01,-1.17348073035896
1892-12-01,-1.07728142814902
1893-01-01,-1.596764817102
1893-02-01,-1.33732683819093
1893-03-01,-0.966406962486902
1893-04-01,-0.936500312094118
1893-05-01,-0.966523768323044
1893-06-01,-0.848639703417765
1893-07-01,-0.743225683357666
1893-08-01,-0.897761053397042
1893-09-01,-0.848713607198009
1893-10-01,-0.849216904026033
1893-11-01,-0.869402922886243
1893-12-01,-1.00952723804984
1894-01-01,-1.2633375315377
1894-02-01,-1.01860901773084
1894-03-01,-0.967699670206882
1894-04-01,-1.12612758330033
1894-05-01,-0.920788427098993
1894-06-01,-1.02836435079877
1894-07-01,-0.858620139658413
1894-08-01,-0.882889299954031
1894-09-01,-0.915083769889475
1894-10-01,-0.903066928784018
1894-11-01,-0.964939741823912
1894-12-01,-0.861766280914767
1895-01-01,-1.10556188157974
1895-02-01,-1.14779014433571
1895-03-01,-1.10310788070884
1895-04-01,-0.842973960337719
1895-05-01,-0.886366762092415
1895-06-01,-0.802573008691151
1895-07-01,-0.784389006038359
1895-08-01,-0.800034406494941
1895-09-01,-0.7343798586002
1895-10-01,-0.757988710668947
1895-11-01,-0.837071884987625
1895-12-01,-0.779027984349405
1896-01-01,-0.891059713200529
1896-02-01,-0.802504247573295
1896-03-01,-1.02960541751798
1896-04-01,-0.99083251055163
1896-05-01,-0.760237760227883
1896-06-01,-0.682463105234495
1896-07-01,-0.611640072375382
1896-08-01,-0.665319197014636
1896-09-01,-0.676273484606394
1896-10-01,-0.566449885611435
1896-11-01,-0.702801086930145
1896-12-01,-0.674762325276672
1897-01-01,-0.808398634431661
1897-02-01,-0.882435287607654
1897-03-01,-0.871149915209252
1897-04-01,-0.637107808525587
1897-05-01,-0.570696428033333
1897-06-01,-0.691773843169455
1897-07-01,-0.600186579609095
1897-08-01,-0.701532477929455
1897-09-01,-0.684913977051944
1897-10-01,-0.776306612485243
1897-11-01,-0.850256552238307
1897-12-01,-0.846305218395699
1898-01-01,-0.681907772630645
1898-02-01,-1.02655070960461
1898-03-01,-1.28902581785743
1898-04-01,-0.957079085772897
1898-05-01,-0.922926662363449
1898-06-01,-0.764398058299919
1898-07-01,-0.829839241247756
1898-08-01,-0.900016488901646
1898-09-01,-0.830954493140618
1898-10-01,-1.02646819537091
1898-11-01,-1.10329464319562
1898-12-01,-0.907346073461688
1899-01-01,-0.834022744027458
1899-02-01,-1.12225164857139
1899-03-01,-1.12974314003614
1899-04-01,-0.837457027210282
1899-05-01,-0.830764796079528
1899-06-01,-0.927119827244049
1899-07-01,-0.764784812770308
1899-08-01,-0.690581058544547
1899-09-01,-0.635501069774176
1899-10-01,-0.656226214406277
1899-11-01,-0.462734844362479
1899-12-01,-0.914608720265313
1900-01-01,-1.05410017205766
1900-02-01,-0.698777390859264
1900-03-01,-0.665765959430754
1900-04-01,-0.693266560591213
1900-05-01,-0.66138018223561
1900-06-01,-0.669871021285175
1900-07-01,-0.72369250807542
1900-08-01,-0.680308280339669
1900-09-01,-0.62828092319188
1900-10-01,-0.48731653238967
1900-11-01,-0.702639065437091
1900-12-01,-0.682971614916649
1901-01-01,-0.889175490169085
1901-02-01,-0.755994225170843
1901-03-01,-0.611661503466322
1901-04-01,-0.600724658494092
1901-05-01,-0.729361614502482
1901-06-01,-0.684481466611201
1901-07-01,-0.730637593018157
1901-08-01,-0.818267258651995
1901-09-01,-0.835479416555217
1901-10-01,-0.959281928447529
1901-11-01,-0.82181374920735
1901-12-01,-0.912166803269646
1902-01-01,-0.835234359045144
1902-02-01,-0.756281543437084
1902-03-01,-1.02272961821694
1902-04-01,-0.918620371084526
1902-05-01,-0.941000440269603
1902-06-01,-0.932537657320313
1902-07-01,-0.910670948844702
1902-08-01,-0.939638620941679
1902-09-01,-0.925932613598361
1902-10-01,-0.979645700063716
1902-11-01,-1.06770554690406
1902-12-01,-1.10136166989547
1903-01-01,-0.906891188647638
1903-02-01,-0.721608157507729
1903-03-01,-0.95299148450393
1903-04-01,-1.08782091290462
1903-05-01,-1.02923863606202
1903-06-01,-1.06248259851174
1903-07-01,-0.980245393323273
1903-08-01,-1.12154077296568
1903-09-01,-1.18409682915792
1903-10-01,-1.17498984897164
1903-11-01,-1.12288714137221
1903-12-01,-1.19810017332999
1904-01-01,-1.37564143785265
1904-02-01,-1.34423695096969
1904-03-01,-1.2685670772941
1904-04-01,-1.18375060228279
1904-05-01,-1.16795269235089
1904-06-01,-1.11203149496432
1904-07-01,-1.18810084313548
1904-08-01,-1.16500413883791
1904-09-01,-1.23958775078723
1904-10-01,-1.09563763886647
1904-11-01,-0.819758256434568
1904-12-01,-0.995278615686782
1905-01-01,-1.02309065726748
1905-02-01,-1.33883828447324
1905-03-01,-0.923435213870679
1905-04-01,-0.974657618290477
1905-05-01,-0.888792174103344
1905-06-01,-0.876892061341553
1905-07-01,-0.887869606625694
1905-08-01,-0.811111326834269
1905-09-01,-0.785186115205
1905-10-01,-0.908037190767964
1905-11-01,-0.693741011783574
1905-12-01,-0.751463052684821
1906-01-01,-0.963276033145937
1906-02-01,-1.00287430018723
1906-03-01,-0.913087319276024
1906-04-01,-0.656344908178726
1906-05-01,-0.869407662004095
1906-06-01,-0.781848411137079
1906-07-01,-0.843466210789241
1906-08-01,-0.808763702816965
1906-09-01,-0.911335300490775
1906-10-01,-0.866669270098089
1906-11-01,-1.06756608437571
1906-12-01,-0.766152665861856
1907-01-01,-1.13779789501015
1907-02-01,-1.26559902470013
1907-03-01,-1.01901748161362
1907-04-01,-1.03975179739946
1907-05-01,-1.11018172879656
1907-06-01,-1.05144344192179
1907-07-01,-0.993225193979143
1907-08-01,-1.01103276214785
1907-09-01,-0.994697708725445
1907-10-01,-0.885286781530459
1907-11-01,-1.16450265370897
1907-12-01,-1.15532054270645
1908-01-01,-1.14494412364303
1908-02-01,-1.01172256861222
1908-03-01,-1.32813682687984
1908-04-01,-1.10341424588032
1908-05-01,-0.972425059368185
1908-06-01,-0.977589977076457
1908-07-01,-0.970646967446381
1908-08-01,-1.11480122223959
1908-09-01,-0.981595349617201
1908-10-01,-1.1359377288452
1908-11-01,-1.24324835352169
1908-12-01,-1.17993415304382
1909-01-01,-1.47665621226879
1909-02-01,-1.1776827873855
1909-03-01,-1.31499556394524
1909-04-01,-1.27841397595926
1909-05-01,-1.17937507094349
1909-06-01,-1.1547071243029
1909-07-01,-1.0980126332601
1909-08-01,-0.969523895858684
1909-09-01,-1.03976810508953
1909-10-01,-1.08340539446917
1909-11-01,-0.988429307212957
1909-12-01,-1.26127436031068
1910-01-01,-1.12434508502884
1910-02-01,-1.12187067044466
1910-03-01,-1.27395577194756
1910-04-01,-1.08819000219189
1910-05-01,-0.942413970461047
1910-06-01,-0.989880134478768
1910-07-01,-0.961291595412197
1910-08-01,-1.0151327189752
1910-09-01,-1.03347406254367
1910-10-01,-1.09554511211255
1910-11-01,-1.29790324455746
1910-12-01,-1.40780257507524
1911-01-01,-1.35589754347801
1911-02-01,-1.32078965654312
1911-03-01,-1.40029908148355
1911-04-01,-1.22271025061212
1911-05-01,-1.15276504356312
1911-06-01,-1.12232841391548
1911-07-01,-1.06304143309507
1911-08-01,-1.09480944281409
1911-09-01,-1.05713352113922
1911-10-01,-0.92560508532345
1911-11-01,-0.888831599734675
1911-12-01,-0.840156908440993
1912-01-01,-0.908096336822012
1912-02-01,-0.808285427021623
1912-03-01,-1.12784410949354
1912-04-01,-0.792182766661787
1912-05-01,-0.789514807946957
1912-06-01,-0.814474589101345
1912-07-01,-1.0834316992485
1912-08-01,-1.24380507920769
1912-09-01,-1.26961290259431
1912-10-01,-1.31557663233122
1912-11-01,-1.08401161641994
1912-12-01,-1.12096975990271
1913-01-01,-1.11445138057818
1913-02-01,-1.15832374458776
1913-03-01,-1.19052320723017
1913-04-01,-1.05024106093723
1913-05-01,-1.06281386426923
1913-06-01,-1.08335257308763
1913-07-01,-1.01737466368203
1913-08-01,-0.981391922992368
1913-09-01,-0.979104135204929
1913-10-01,-0.99851023507667
1913-11-01,-0.859636515734945
1913-12-01,-0.614066800697544
1914-01-01,-0.573202830074131
1914-02-01,-0.779327872607314
1914-03-01,-0.98040881792757
1914-04-01,-0.950774904076744
1914-05-01,-0.800138340422945
1914-06-01,-0.848080986367786
1914-07-01,-0.86150232101605
1914-08-01,-0.77961593018961
1914-09-01,-0.784365492652919
1914-10-01,-0.658407290662039
1914-11-01,-0.811869815267879
1914-12-01,-0.625553911134455
1915-01-01,-0.851847440900017
1915-02-01,-0.695887632424722
1915-03-01,-0.793492754066959
1915-04-01,-0.518485865038493
1915-05-01,-0.617302891535246
1915-06-01,-0.802823490437027
1915-07-01,-0.71787451821107
1915-08-01,-0.857699377440483
1915-09-01,-0.810517936192827
1915-10-01,-0.903603419614351
1915-11-01,-0.761860168968654
1915-12-01,-0.849368049071601
1916-01-01,-0.758684433072612
1916-02-01,-0.814075122203143
1916-03-01,-1.01762802044164
1916-04-01,-0.948896328214306
1916-05-01,-0.971704132618957
1916-06-01,-1.12396685098669
1916-07-01,-1.00585839686319
1916-08-01,-0.921897232107525
1916-09-01,-1.02628418796624
1916-10-01,-1.02533136592363
1916-11-01,-1.16961317539852
1916-12-01,-1.58722440851639
1917-01-01,-1.29093915716788
1917-02-01,-1.37909026779502
1917-03-01,-1.43136931402765
1917-04-01,-1.2423168632252
1917-05-01,-1.21101245082773
1917-06-01,-1.06479817309556
1917-07-01,-0.861025559057772
1917-08-01,-0.861664611027351
1917-09-01,-0.874268700076187
1917-10-01,-1.1533098693936
1917-11-01,-1.02624053088543
1917-12-01,-1.4289465790454
1918-01-01,-1.20208991502893
1918-02-01,-1.07564210822503
1918-03-01,-0.981291795882599
1918-04-01,-1.1215797090821
1918-05-01,-1.07240045332287
1918-06-01,-0.996069996697722
1918-07-01,-0.937407414950186
1918-08-01,-0.985161983292393
1918-09-01,-0.787249758040894
1918-10-01,-0.669933503079177
1918-11-01,-0.752701568536948
1918-12-01,-0.951657906387127
1919-01-01,-0.85805448180139
1919-02-01,-0.924760546279532
1919-03-01,-0.935964143650231
1919-04-01,-0.764204760622272
1919-05-01,-0.885238809705842
1919-06-01,-0.961963138502648
1919-07-01,-0.90096167438262
1919-08-01,-0.962379758183883
1919-09-01,-0.865161106020711
1919-10-01,-0.846635806722289
1919-11-01,-1.12402959995349
1919-12-01,-1.09261136606974
1920-01-01,-0.898354148585032
1920-02-01,-0.939660313803913
1920-03-01,-0.826747976856502
1920-04-01,-0.867400344070363
1920-05-01,-0.86014682504479
1920-06-01,-0.952763734647106
1920-07-01,-0.911732024676889
1920-08-01,-0.886919757202454
1920-09-01,-0.845525035864434
1920-10-01,-0.962071694813064
1920-11-01,-0.951305034077079
1920-12-01,-1.15072978741214
1921-01-01,-0.678849786405846
1921-02-01,-0.8572164950154
1921-03-01,-0.9672642117729
1921-04-01,-0.937071146234732
1921-05-01,-0.905092626675469
1921-06-01,-0.837580039734406
1921-07-01,-0.723003975069584
1921-08-01,-0.899889819440821
1921-09-01,-0.793214782584569
1921-10-01,-0.6442273892122
1921-11-01,-0.78533159346698
1921-12-01,-0.797177222849469
1922-01-01,-1.00211746710936
1922-02-01,-1.16742810907533
1922-03-01,-0.866785692121219
1922-04-01,-0.848306154353748
1922-05-01,-0.927944978449223
1922-06-01,-0.892383418259501
1922-07-01,-0.87989522160168
1922-08-01,-0.966338014940726
1922-09-01,-0.996032643438136
1922-10-01,-0.992679400393277
1922-11-01,-0.784108184474444
1922-12-01,-0.827703685433217
1923-01-01,-0.939085782418567
1923-02-01,-1.08793065034465
1923-03-01,-1.08538761642697
1923-04-01,-1.06611316694865
1923-05-01,-0.936238182100569
1923-06-01,-0.877367575285409
1923-07-01,-0.928542274984354
1923-08-01,-0.973097579288598
1923-09-01,-0.937236064509293
1923-10-01,-0.757016939516061
1923-11-01,-0.630568227802486
1923-12-01,-0.626897001882669
1924-01-01,-0.8704952474368
1924-02-01,-0.898456446959222
1924-03-01,-0.75508990652808
1924-04-01,-0.94067451097902
1924-05-01,-0.754795242087542
1924-06-01,-0.843425147148519
1924-07-01,-0.905884267343285
1924-08-01,-0.989671228666531
1924-09-01,-0.940926346825193
1924-10-01,-1.01708931792364
1924-11-01,-0.835765062650213
1924-12-01,-1.08921950226314
1925-01-01,-1.05991983430019
1925-02-01,-1.10438768491592
1925-03-01,-1.00155492992699
1925-04-01,-0.875910146100208
1925-05-01,-0.872980424369113
1925-06-01,-0.918379934267461
1925-07-01,-0.868505990948599
1925-08-01,-0.813510640165321
1925-09-01,-0.802439703389832
1925-10-01,-0.813544179221353
1925-11-01,-0.541829824615447
1925-12-01,-0.486199344034404
1926-01-01,-0.338242078547524
1926-02-01,-0.601095826097562
1926-03-01,-0.52913030542565
1926-04-01,-0.721618501713205
1926-05-01,-0.803348129143243
1926-06-01,-0.839037315160597
1926-07-01,-0.866231355604865
1926-08-01,-0.706269817191168
1926-09-01,-0.721757667558798
1926-10-01,-0.735174124789111
1926-11-01,-0.662481640224509
1926-12-01,-0.922860569814319
1927-01-01,-0.902342151491532
1927-02-01,-0.831522626176345
1927-03-01,-1.12796238969044
1927-04-01,-0.934356386662796
1927-05-01,-0.842920294135697
1927-06-01,-0.849619101380695
1927-07-01,-0.774871354619799
1927-08-01,-0.863261824169628
1927-09-01,-0.712670263499813
1927-10-01,-0.602213512510559
1927-11-01,-0.669526184563174
1927-12-01,-0.953186150957012
1928-01-01,-0.606499524106797
1928-02-01,-0.720281694472117
1928-03-01,-0.950088682477022
1928-04-01,-0.911400985111364
1928-05-01,-0.886710202456816
1928-06-01,-0.995013379503482
1928-07-01,-0.788656111246126
1928-08-01,-0.837726142564431
1928-09-01,-0.812739381955536
1928-10-01,-0.830965483646897
1928-11-01,-0.712211814295932
1928-12-01,-0.764067613933417
1929-01-01,-1.1029527990412
1929-02-01,-1.2773139472265
1929-03-01,-1.05177633667341
1929-04-01,-1.06366893225905
1929-05-01,-0.983905027183946
1929-06-01,-1.04826084662682
1929-07-01,-0.987851090876567
1929-08-01,-0.948480645568661
1929-09-01,-0.85603889335942
1929-10-01,-0.761020676041427
1929-11-01,-0.727392863999603
1929-12-01,-1.21994421421114
1930-01-01,-0.935508333975513
1930-02-01,-0.945053906944073
1930-03-01,-0.790976540957372
1930-04-01,-0.85799769632157
1930-05-01,-0.815731596038596
1930-06-01,-0.80212720984187
1930-07-01,-0.808638097348976
1930-08-01,-0.731027054630379
1930-09-01,-0.731435287848112
1930-10-01,-0.727075863897849
1930-11-01,-0.38217494357309
1930-12-01,-0.617546387350277
1931-01-01,-0.705431235725399
1931-02-01,-0.83709029150996
1931-03-01,-0.771388556978874
1931-04-01,-0.827789629269882
1931-05-01,-0.735873874098135
1931-06-01,-0.599787878500164
1931-07-01,-0.569133568353071
1931-08-01,-0.590858325422534
1931-09-01,-0.614339603608504
1931-10-01,-0.508324016837011
1931-11-01,-0.63421684193415
1931-12-01,-0.623141286395021
1932-01-01,-0.435549135537432
1932-02-01,-0.815532410708178
1932-03-01,-0.854640161939148
1932-04-01,-0.629485615274539
1932-05-01,-0.725832976135252
1932-06-01,-0.860071671186464
1932-07-01,-0.832475611561133
1932-08-01,-0.786001442151348
1932-09-01,-0.64655130418216
1932-10-01,-0.674629524410218
1932-11-01,-0.910715173369227
1932-12-01,-0.863158790053289
1933-01-01,-0.858896930315514
1933-02-01,-0.943882980276112
1933-03-01,-0.98576094852494
1933-04-01,-0.841722417184513
1933-05-01,-0.855836567997643
1933-06-01,-0.915312401159648
1933-07-01,-0.779821337833413
1933-08-01,-0.828325976911884
1933-09-01,-0.878859545720679
1933-10-01,-0.877892318318943
1933-11-01,-0.957274148557395
1933-12-01,-1.09171025887542
1934-01-01,-0.834197471886262
1934-02-01,-0.642711844724585
1934-03-01,-0.991674013479997
1934-04-01,-0.910148691143582
1934-05-01,-0.640598820304901
1934-06-01,-0.69966435204719
1934-07-01,-0.661515288562999
1934-08-01,-0.698005391847863
1934-09-01,-0.739968759294665
1934-10-01,-0.657796824757497
1934-11-01,-0.550602528963736
1934-12-01,-0.593324611901382
1935-01-01,-1.0059536607352
1935-02-01,-0.462797482848266
1935-03-01,-0.823544235408531
1935-04-01,-1.00149777638791
1935-05-01,-0.874555651297884
1935-06-01,-0.833345376119504
1935-07-01,-0.804489345403306
1935-08-01,-0.826246583206443
1935-09-01,-0.816260541547154
1935-10-01,-0.657532423048277
1935-11-01,-0.911644084422676
1935-12-01,-0.771458573160321
1936-01-01,-0.915401087137776
1936-02-01,-1.04755148406783
1936-03-01,-0.901471839855503
1936-04-01,-0.780028979558624
1936-05-01,-0.711882573046312
1936-06-01,-0.765081902701617
1936-07-01,-0.647479159569997
1936-08-01,-0.708133586739848
1936-09-01,-0.646167398661338
1936-10-01,-0.61747522978285
1936-11-01,-0.578292859366841
1936-12-01,-0.589650885825793
1937-01-01,-0.659225031313199
1937-02-01,-0.58795396987896
1937-03-01,-0.888544519653025
1937-04-01,-0.743687870145172
1937-05-01,-0.587757908320027
1937-06-01,-0.571952348024005
1937-07-01,-0.57936449715867
1937-08-01,-0.55565588232429
1937-09-01,-0.437512551005926
1937-10-01,-0.48833209532539
1937-11-01,-0.498456942254434
1937-12-01,-0.645616982869452
1938-01-01,-0.495109643244194
1938-02-01,-0.565502319186086
1938-03-01,-0.55898957991208
1938-04-01,-0.498338304982906
1938-05-01,-0.643451564645823
1938-06-01,-0.725519091417142
1938-07-01,-0.665693384215752
1938-08-01,-0.639282096805606
1938-09-01,-0.566247287199382
1938-10-01,-0.429802695762536
1938-11-01,-0.516636348375703
1938-12-01,-0.720371986220636
1939-01-01,-0.670443410574759
1939-02-01,-0.705828019718639
1939-03-01,-0.874805061871192
1939-04-01,-0.686062285280163
1939-05-01,-0.587813533174034
1939-06-01,-0.625440627652846
1939-07-01,-0.613479359690389
1939-08-01,-0.654337474371218
1939-09-01,-0.633827133540311
1939-10-01,-0.636896739928985
1939-11-01,-0.516499240589735
1939-12-01,-0.0837278395934384
1940-01-01,-0.573541612245136
1940-02-01,-0.520877952417302
1940-03-01,-0.567017216812973
1940-04-01,-0.371549364876161
1940-05-01,-0.404372263348065
1940-06-01,-0.406718851779691
1940-07-01,-0.416657461352524
1940-08-01,-0.49121089790518
1940-09-01,-0.371365520612888
1940-10-01,-0.461639284446829
1940-11-01,-0.401798826325579
1940-12-01,-0.221645050007572
1941-01-01,-0.399738366798582
1941-02-01,-0.260296170430868
1941-03-01,-0.546536699220094
1941-04-01,-0.395661542388731
1941-05-01,-0.33878312534185
1941-06-01,-0.373405826738091
1941-07-01,-0.295621513361111
1941-08-01,-0.405086783869827
1941-09-01,-0.528717859473585
1941-10-01,-0.194336019318705
1941-11-01,-0.353448371022914
1941-12-01,-0.346056574515175
1942-01-01,-0.262575079220947
1942-02-01,-0.588699475669904
1942-03-01,-0.608733518948987
1942-04-01,-0.480887306614189
1942-05-01,-0.419400816496826
1942-06-01,-0.485048149864471
1942-07-01,-0.54674286726391
1942-08-01,-0.60837980644806
1942-09-01,-0.596584060738138
1942-10-01,-0.577410650803017
1942-11-01,-0.506540169546413
1942-12-01,-0.453556174909398
1943-01-01,-0.612621032277106
1943-02-01,-0.440448383673863
1943-03-01,-0.712050017102779
1943-04-01,-0.465159948797709
1943-05-01,-0.473735843141582
1943-06-01,-0.59022829680701
1943-07-01,-0.46679616209853
1943-08-01,-0.555680014298678
1943-09-01,-0.49930123967903
1943-10-01,-0.322052726988385
1943-11-01,-0.368445236772325
1943-12-01,-0.313373246054714
1944-01-01,-0.193314227718062
1944-02-01,-0.352165966504883
1944-03-01,-0.381084820591152
1944-04-01,-0.367835406674296
1944-05-01,-0.325155338273748
1944-06-01,-0.362270175569663
1944-07-01,-0.352907862577835
1944-08-01,-0.358351567960904
1944-09-01,-0.250925028487754
1944-10-01,-0.302863773035971
1944-11-01,-0.483544805154167
1944-12-01,-0.537296738003516
1945-01-01,-0.473037533898776
1945-02-01,-0.611554458159388
1945-03-01,-0.600507636020813
1945-04-01,-0.361101911981147
1945-05-01,-0.488972485702985
1945-06-01,-0.552497760731048
1945-07-01,-0.522361225405788
1945-08-01,-0.283351961015099
1945-09-01,-0.339600164929456
1945-10-01,-0.390234395865561
1945-11-01,-0.528920783877581
1945-12-01,-0.66510377369845
1946-01-01,-0.424339036462306
1946-02-01,-0.608587103491602
1946-03-01,-0.65851869027627
1946-04-01,-0.514394261207588
1946-05-01,-0.607503858216265
1946-06-01,-0.761172342634
1946-07-01,-0.686263239473197
1946-08-01,-0.795172481525466
1946-09-01,-0.650463181593074
1946-10-01,-0.690364964499061
1946-11-01,-0.670424908933035
1946-12-01,-0.912483508302545
1947-01-01,-0.66281452063776
1947-02-01,-0.678994970547066
1947-03-01,-0.595126168251531
1947-04-01,-0.515100351150676
1947-05-01,-0.560716575883745
1947-06-01,-0.569066054698939
1947-07-01,-0.596455628538445
1947-08-01,-0.646563619872031
1947-09-01,-0.687432009493604
1947-10-01,-0.495105979078052
1947-11-01,-0.564138837913056
1947-12-01,-0.722642225666778
1948-01-01,-0.526790443074672
1948-02-01,-0.77910004938838
1948-03-01,-0.940248651565222
1948-04-01,-0.699627648684909
1948-05-01,-0.539261293129591
1948-06-01,-0.582952216955064
1948-07-01,-0.681926746026358
1948-08-01,-0.705951734646098
1948-09-01,-0.730115932243997
1948-10-01,-0.651238446195661
1948-11-01,-0.738600280416679
1948-12-01,-0.85002033430775
1949-01-01,-0.523540438921048
1949-02-01,-0.791847117126243
1949-03-01,-0.68770851138756
1949-04-01,-0.714818510771179
1949-05-01,-0.658843768297616
1949-06-01,-0.846196277745562
1949-07-01,-0.708242843336571
1949-08-01,-0.722276067601186
1949-09-01,-0.721234752647458
1949-10-01,-0.667450409234826
1949-11-01,-0.71259741523149
1949-12-01,-0.78086319051372
1950-01-01,-0.885715612811445
1950-02-01,-0.926557197049816
1950-03-01,-0.748630117851777
1950-04-01,-0.814173986567977
1950-05-01,-0.686607977539251
1950-06-01,-0.611320585595996
1950-07-01,-0.665420224485159
1950-08-01,-0.776002179500918
1950-09-01,-0.694499316738629
1950-10-01,-0.823879197374901
1950-11-01,-0.979982878868821
1950-12-01,-0.817610643458479
1951-01-01,-0.987532102483394
1951-02-01,-1.07740937781322
1951-03-01,-0.893331734849737
1951-04-01,-0.722164877642295
1951-05-01,-0.538776812285053
1951-06-01,-0.614507737115655
1951-07-01,-0.579553543290295
1951-08-01,-0.501816085923602
1951-09-01,-0.496992233751401
1951-10-01,-0.49683292458979
1951-11-01,-0.609262341148922
1951-12-01,-0.399617290184067
1952-01-01,-0.482048313625973
1952-02-01,-0.504192753421267
1952-03-01,-0.755577277139673
1952-04-01,-0.534256183400713
1952-05-01,-0.569804936070949
1952-06-01,-0.568347954931342
1952-07-01,-0.504649969427777
1952-08-01,-0.511454952881976
1952-09-01,-0.47255929440173
1952-10-01,-0.604523518891315
1952-11-01,-0.748862833593075
1952-12-01,-0.588796840333819
1953-01-01,-0.521656307148148
1953-02-01,-0.460913552757482
1953-03-01,-0.543858178579992
1953-04-01,-0.34424287175616
1953-05-01,-0.415675341299416
1953-06-01,-0.40804030219012
1953-07-01,-0.533719916199243
1953-08-01,-0.492558083070271
1953-09-01,-0.501343095207482
1953-10-01,-0.492524708573408
1953-11-01,-0.614369143702215
1953-12-01,-0.517139165566323
1954-01-01,-0.876007984954183
1954-02-01,-0.722791315975524
1954-03-01,-0.827068988481623
1954-04-01,-0.730838183135661
1954-05-01,-0.748918810665706
1954-06-01,-0.748200426730227
1954-07-01,-0.770181104654262
1954-08-01,-0.786519641009274
1954-09-01,-0.691221731215662
1954-10-01,-0.6224149369866
1954-11-01,-0.505969104725568
1954-12-01,-0.78782658991003
1955-01-01,-0.452424430208303
1955-02-01,-0.804171895259811
1955-03-01,-1.02577608045655
1955-04-01,-0.836142235085769
1955-05-01,-0.763737176280038
1955-06-01,-0.707247177538561
1955-07-01,-0.665518513079038
1955-08-01,-0.538302408261395
1955-09-01,-0.674213431897587
1955-10-01,-0.643900659513621
1955-11-01,-0.890735929723133
1955-12-01,-0.886603484164074
1956-01-01,-0.7355778799326
1956-02-01,-0.886900414393173
1956-03-01,-0.907722771401405
1956-04-01,-0.891180981156016
1956-05-01,-0.85899446732768
1956-06-01,-0.70366091897049
1956-07-01,-0.649943048121463
1956-08-01,-0.845623126673838
1956-09-01,-0.755356904252835
1956-10-01,-0.847646617023498
1956-11-01,-0.775393448296711
1956-12-01,-0.662362913591794
1957-01-01,-0.700539287608169
1957-02-01,-0.666305627899905
1957-03-01,-0.71731500071273
1957-04-01,-0.595413606394298
1957-05-01,-0.467948971975187
1957-06-01,-0.399706176169868
1957-07-01,-0.523961633043124
1957-08-01,-0.42088778825115
1957-09-01,-0.466741782299846
1957-10-01,-0.568863719333305
1957-11-01,-0.535932299975377
1957-12-01,-0.445006994233084
1958-01-01,-0.213107238883783
1958-02-01,-0.40737657942712
1958-03-01,-0.571613056711542
1958-04-01,-0.587373669014992
1958-05-01,-0.503198275676178
1958-06-01,-0.677290583167175
1958-07-01,-0.5119733961623
1958-08-01,-0.629829206189461
1958-09-01,-0.603461377883361
1958-10-01,-0.551028207671265
1958-11-01,-0.587139863777986
1958-12-01,-0.584429871462875
1959-01-01,-0.527327128143011
1959-02-01,-0.55901666018465
1959-03-01,-0.506780337724876
1959-04-01,-0.451494968156168
1959-05-01,-0.511159463557951
1959-06-01,-0.533273015668524
1959-07-01,-0.534132692954807
1959-08-01,-0.582822134416603
1959-09-01,-0.660581158732385
1959-10-01,-0.660453171478207
1959-11-01,-0.702645330111805
1959-12-01,-0.586707720004993
1960-01-01,-0.60282094509527
1960-02-01,-0.493250631766731
1960-03-01,-1.01334747607348
1960-04-01,-0.766693873205642
1960-05-01,-0.634254975053201
1960-06-01,-0.625030744089879
1960-07-01,-0.626553351653635
1960-08-01,-0.544594203397764
1960-09-01,-0.508122002932066
1960-10-01,-0.54721322617166
1960-11-01,-0.725407519537798
1960-12-01,-0.396707509517614
1961-01-01,-0.534800195196656
1961-02-01,-0.457150945916832
1961-03-01,-0.601973633819755
1961-04-01,-0.47505514463503
1961-05-01,-0.431183742229757
1961-06-01,-0.45176074066969
1961-07-01,-0.540999003070835
1961-08-01,-0.568213110064532
1961-09-01,-0.453855889514663
1961-10-01,-0.589297838569873
1961-11-01,-0.578626838388182
1961-12-01,-0.757285002633393
1962-01-01,-0.56349321848868
1962-02-01,-0.495915983648031
1962-03-01,-0.562528538123678
1962-04-01,-0.555264314600094
1962-05-01,-0.634409254873905
1962-06-01,-0.517901654192231
1962-07-01,-0.559017720805438
1962-08-01,-0.601120802480334
1962-09-01,-0.535784297960647
1962-10-01,-0.587065733897933
1962-11-01,-0.554969787982791
1962-12-01,-0.613573275674869
1963-01-01,-0.6118503859652
1963-02-01,-0.450593859881797
1963-03-01,-0.816402050187258
1963-04-01,-0.679119312860558
1963-05-01,-0.627896315443026
1963-06-01,-0.514186771982488
1963-07-01,-0.495077528570691
1963-08-01,-0.335906082405124
1963-09-01,-0.353769221011765
1963-10-01,-0.486319058470586
1963-11-01,-0.474933627306177
1963-12-01,-0.605404043307722
1964-01-01,-0.692691398163224
1964-02-01,-0.739076343686205
1964-03-01,-0.896838392292896
1964-04-01,-0.932418191028723
1964-05-01,-0.82028945450586
1964-06-01,-0.609989978549799
1964-07-01,-0.58323194928078
1964-08-01,-0.794883725493152
1964-09-01,-0.880485050340483
1964-10-01,-0.905636011947614
1964-11-01,-0.815585611107931
1964-12-01,-0.879513559734233
1965-01-01,-0.689502053691388
1965-02-01,-0.805749757266231
1965-03-01,-0.796868884207489
1965-04-01,-0.793477382173303
1965-05-01,-0.664331925212794
1965-06-01,-0.651963230387468
1965-07-01,-0.709484931332756
1965-08-01,-0.627770197825363
1965-09-01,-0.736326889704183
1965-10-01,-0.661192058306315
1965-11-01,-0.681182783780515
1965-12-01,-0.671358705911381
1966-01-01,-0.799185002380034
1966-02-01,-0.688271094531772
1966-03-01,-0.647221286628237
1966-04-01,-0.737755209204379
1966-05-01,-0.679822474105252
1966-06-01,-0.581444657320256
1966-07-01,-0.471255444295043
1966-08-01,-0.672061859532291
1966-09-01,-0.580572340528413
1966-10-01,-0.78320012286341
1966-11-01,-0.623197463253004
1966-12-01,-0.607853279660085
1967-01-01,-0.679591976672103
1967-02-01,-0.848289278993089
1967-03-01,-0.629962868585501
1967-04-01,-0.665254450910306
1967-05-01,-0.43207137570612
1967-06-01,-0.629313833008145
1967-07-01,-0.51315857632627
1967-08-01,-0.566050721893467
1967-09-01,-0.605061206069334
1967-10-01,-0.518849909821325
1967-11-01,-0.652021945518805
1967-12-01,-0.628758372286217
1968-01-01,-0.866097758369462
1968-02-01,-0.770945601452614
1968-03-01,-0.474705223401967
1968-04-01,-0.662809165704164
1968-05-01,-0.70217324429382
1968-06-01,-0.656066413884689
1968-07-01,-0.693643028996799
1968-08-01,-0.646922608866674
1968-09-01,-0.7461178772093
1968-10-01,-0.504141099394849
1968-11-01,-0.659004543655871
1968-12-01,-0.725891295138696
1969-01-01,-0.691198773504336
1969-02-01,-0.802070703656983
1969-03-01,-0.673060646279036
1969-04-01,-0.445903438950676
1969-05-01,-0.381564931858582
1969-06-01,-0.526457387057896
1969-07-01,-0.618002270179683
1969-08-01,-0.591637426701674
1969-09-01,-0.485748628675365
1969-10-01,-0.500966246330701
1969-11-01,-0.497002807893082
1969-12-01,-0.334224208599082
1970-01-01,-0.526869800956707
1970-02-01,-0.419401052053874
1970-03-01,-0.610060299802371
1970-04-01,-0.560524889500656
1970-05-01,-0.604180776353511
1970-06-01,-0.606960690281169
1970-07-01,-0.522877311172905
1970-08-01,-0.698071589048086
1970-09-01,-0.450065619236446
1970-10-01,-0.577436677708496
1970-11-01,-0.588721799837419
1970-12-01,-0.7082199092568
1971-01-01,-0.632592017754664
1971-02-01,-0.797431478844469
1971-03-01,-0.863610788927059
1971-04-01,-0.680429361712598
1971-05-01,-0.617825458325989
1971-06-01,-0.736242237429305
1971-07-01,-0.641435576062533
1971-08-01,-0.582082108845355
1971-09-01,-0.610724644314295
1971-10-01,-0.639516734090845
1971-11-01,-0.706606544669119
1971-12-01,-0.678949469812928
1972-01-01,-0.838383971711218
1972-02-01,-0.813157269277389
1972-03-01,-0.662322460720989
1972-04-01,-0.60990503209928
1972-05-01,-0.605725204343586
1972-06-01,-0.519772786610248
1972-07-01,-0.559362762815969
1972-08-01,-0.387058766072958
1972-09-01,-0.531824528786039
1972-10-01,-0.554581050272624
1972-11-01,-0.610066921324525
1972-12-01,-0.414403591817615
1973-01-01,-0.317681345704714
1973-02-01,-0.320119898741806
1973-03-01,-0.394638304560532
1973-04-01,-0.333777438146876
1973-05-01,-0.330979593724714
1973-06-01,-0.374622539086526
1973-07-01,-0.435472001331134
1973-08-01,-0.537930554714876
1973-09-01,-0.463109104984008
1973-10-01,-0.503576113110846
1973-11-01,-0.564970286786261
1973-12-01,-0.660644725824291
1974-01-01,-0.699993222685194
1974-02-01,-0.904732974235768
1974-03-01,-0.7326086212127
1974-04-01,-0.726676109294174
1974-05-01,-0.601156097464537
1974-06-01,-0.603028403392252
1974-07-01,-0.579306281381516
1974-08-01,-0.462757121055733
1974-09-01,-0.630039702701449
1974-10-01,-0.643264656943572
1974-11-01,-0.683520665045053
1974-12-01,-0.667063609893065
1975-01-01,-0.517339012156632
1975-02-01,-0.559177582143483
1975-03-01,-0.558200575901712
1975-04-01,-0.570848052551871
1975-05-01,-0.399014607391952
1975-06-01,-0.581715208656412
1975-07-01,-0.576458768488112
1975-08-01,-0.772716084124495
1975-09-01,-0.60718740654854
1975-10-01,-0.722838356090132
1975-11-01,-0.78042798917802
1975-12-01,-0.767539299606826
1976-01-01,-0.643284116243583
1976-02-01,-0.706979269515888
1976-03-01,-0.898251677134549
1976-04-01,-0.689683954761329
1976-05-01,-0.781370725445029
1976-06-01,-0.690792488336354
1976-07-01,-0.692588104826426
1976-08-01,-0.727332824132922
1976-09-01,-0.648265256252112
1976-10-01,-0.847686314449417
1976-11-01,-0.681047681014589
1976-12-01,-0.474529976856603
1977-01-01,-0.39810564400052
1977-02-01,-0.411931940084119
1977-03-01,-0.440105933703237
1977-04-01,-0.346461987540012
1977-05-01,-0.228134307668958
1977-06-01,-0.28923903974182
1977-07-01,-0.337967086654948
1977-08-01,-0.372020571999345
1977-09-01,-0.564298605766724
1977-10-01,-0.593271599789014
1977-11-01,-0.461654222321228
1977-12-01,-0.561772020541388
1978-01-01,-0.545701161247465
1978-02-01,-0.533634397413278
1978-03-01,-0.492853975630585
1978-04-01,-0.439623285771349
1978-05-01,-0.467341390338274
1978-06-01,-0.592048894748964
1978-07-01,-0.502993889067308
1978-08-01,-0.735788166587413
1978-09-01,-0.481390051753392
1978-10-01,-0.578277467949464
1978-11-01,-0.49203421264211
1978-12-01,-0.504663402167034
1979-01-01,-0.510938470232482
1979-02-01,-0.742594760580569
1979-03-01,-0.48384720022281
1979-04-01,-0.447521258105547
1979-05-01,-0.527377572313968
1979-06-01,-0.454136385362869
1979-07-01,-0.541951023708182
1979-08-01,-0.419873777799237
1979-09-01,-0.306564364373234
1979-10-01,-0.346452659547842
1979-11-01,-0.330850782236116
1979-12-01,-0.110850800907429
1980-01-01,-0.298812536414427
1980-02-01,-0.235661800165588
1980-03-01,-0.37312405723698
1980-04-01,-0.302827819598511
1980-05-01,-0.205901439616284
1980-06-01,-0.381911083587214
1980-07-01,-0.314349823252515
1980-08-01,-0.394988281670901
1980-09-01,-0.33974692560517
1980-10-01,-0.485653934053694
1980-11-01,-0.30926002382634
1980-12-01,-0.379060311893955
1981-01-01,-0.0753356130747727
1981-02-01,-0.208419786852592
1981-03-01,-0.189240220880055
1981-04-01,-0.28318664780233
1981-05-01,-0.31612600932514
1981-06-01,-0.274491009190159
1981-07-01,-0.208419539194474
1981-08-01,-0.190337605915437
1981-09-01,-0.409769874768786
1981-10-01,-0.502941480624271
1981-11-01,-0.381566060614151
1981-12-01,-0.180976036481876
1982-01-01,-0.564624635959016
1982-02-01,-0.476879005465649
1982-03-01,-0.647508480277935
1982-04-01,-0.474721981319177
1982-05-01,-0.380976687386726
1982-06-01,-0.51728480936422
1982-07-01,-0.412563969006911
1982-08-01,-0.590832060542374
1982-09-01,-0.455412512174251
1982-10-01,-0.487368897731487
1982-11-01,-0.445104229871081
1982-12-01,-0.156713406528559
1983-01-01,-0.0844433222482062
1983-02-01,-0.216087167045626
1983-03-01,-0.263839548154783
1983-04-01,-0.323153338148996
1983-05-01,-0.221786543481704
1983-06-01,-0.33410115066245
1983-07-01,-0.381875188773632
1983-08-01,-0.212255288875071
1983-09-01,-0.164825167851107
1983-10-01,-0.448287000363506
1983-11-01,-0.331136892760731
1983-12-01,-0.428833196280873
1984-01-01,-0.310209340540721
1984-02-01,-0.504078817299685
1984-03-01,-0.412374047656561
1984-04-01,-0.551523634606328
1984-05-01,-0.22184790420289
1984-06-01,-0.567665767591896
1984-07-01,-0.389486544636336
1984-08-01,-0.373942001022409
1984-09-01,-0.32987814915052
1984-10-01,-0.498627726641278
1984-11-01,-0.563631979943516
1984-12-01,-0.622452001730435
1985-01-01,-0.371485183400416
1985-02-01,-0.668762774906891
1985-03-01,-0.509859339865835
1985-04-01,-0.499429761798695
1985-05-01,-0.438830261242581
1985-06-01,-0.411181682961795
1985-07-01,-0.528193139762233
1985-08-01,-0.41418353615419
1985-09-01,-0.420399358253426
1985-10-01,-0.502736110169962
1985-11-01,-0.582661779671046
1985-12-01,-0.453078892137886
1986-01-01,-0.351422010980432
1986-02-01,-0.256479145838601
1986-03-01,-0.381085597986209
1986-04-01,-0.37986731010219
1986-05-01,-0.348045857748726
1986-06-01,-0.463493335759467
1986-07-01,-0.461684465704063
1986-08-01,-0.410809362102938
1986-09-01,-0.514266915647711
1986-10-01,-0.451579745405296
1986-11-01,-0.52141457150234
1986-12-01,-0.4540974975043
1987-01-01,-0.289223712065761
1987-02-01,-0.212369684012308
1987-03-01,-0.484349687770075
1987-04-01,-0.366487154361349
1987-05-01,-0.317989370844915
1987-06-01,-0.213533345122735
1987-07-01,-0.164590221713592
1987-08-01,-0.355157850114386
1987-09-01,-0.244550841289456
1987-10-01,-0.284140979402501
1987-11-01,-0.317993035060819
1987-12-01,-0.125878072449704
1988-01-01,-0.0438702193000937
1988-02-01,-0.195862911090345
1988-03-01,-0.167970813233001
1988-04-01,-0.181868299882231
1988-05-01,-0.111444313915196
1988-06-01,-0.151514782945706
1988-07-01,-0.228426257237366
1988-08-01,-0.200186382932174
1988-09-01,-0.190786055860739
1988-10-01,-0.232044551131536
1988-11-01,-0.510340698645815
1988-12-01,-0.312544384854999
1989-01-01,-0.507621444614232
1989-02-01,-0.337362950189866
1989-03-01,-0.322348805325018
1989-04-01,-0.310506424686746
1989-05-01,-0.408294623317049
1989-06-01,-0.427517374946961
1989-07-01,-0.204118311533373
1989-08-01,-0.234092719987377
1989-09-01,-0.210164661491725
1989-10-01,-0.292343040467479
1989-11-01,-0.438436065339967
1989-12-01,-0.21403900944079
1990-01-01,-0.205130954593336
1990-02-01,-0.225961969662914
1990-03-01,0.116551745053142
1990-04-01,-0.0388034119558319
1990-05-01,-0.106091080675115
1990-06-01,-0.203193868743249
1990-07-01,-0.0493618754100578
1990-08-01,-0.250280458963816
1990-09-01,-0.357419495914019
1990-10-01,-0.152843200513842
1990-11-01,-0.156875592869315
1990-12-01,-0.181975065981015
1991-01-01,-0.18541502397824
1991-02-01,-0.140766814662813
1991-03-01,-0.321009912521451
1991-04-01,-0.0934098707772795
1991-05-01,-0.21735609850614
1991-06-01,-0.0188202327144873
1991-07-01,-0.0569523116288412
1991-08-01,-0.155204252846181
1991-09-01,-0.123988641936437
1991-10-01,-0.327742148863758
1991-11-01,-0.318890571204558
1991-12-01,-0.261597021095133
1992-01-01,-0.126069521631022
1992-02-01,-0.2462397098202
1992-03-01,-0.203093422109152
1992-04-01,-0.341551823090481
1992-05-01,-0.257816118401325
1992-06-01,-0.312810154263632
1992-07-01,-0.484229587060032
1992-08-01,-0.487610668948415
1992-09-01,-0.590190502322459
1992-10-01,-0.561068735235819
1992-11-01,-0.589397474196107
1992-12-01,-0.375734316223467
1993-01-01,-0.273233195447101
1993-02-01,-0.265393773049595
1993-03-01,-0.317139940763614
1993-04-01,-0.3349969753743
1993-05-01,-0.287383176259948
1993-06-01,-0.352185920724353
1993-07-01,-0.326556769640284
1993-08-01,-0.4701361858817
1993-09-01,-0.456544877892348
1993-10-01,-0.38077703987407
1993-11-01,-0.587440090554509
1993-12-01,-0.412618780428781
1994-01-01,-0.361809863746241
1994-02-01,-0.604474471323133
1994-03-01,-0.392666526264044
1994-04-01,-0.198977213101784
1994-05-01,-0.301338605738088
1994-06-01,-0.112154679097021
1994-07-01,-0.253487308289104
1994-08-01,-0.369679401512804
1994-09-01,-0.215162538532834
1994-10-01,-0.179486910539148
1994-11-01,-0.170872935791042
1994-12-01,-0.203404513164681
1995-01-01,-0.088891596832544
1995-02-01,0.144554408508489
1995-03-01,-0.213720285728033
1995-04-01,-0.140233031426541
1995-05-01,-0.290069257831851
1995-06-01,-0.143780478298015
1995-07-01,-0.076854473027601
1995-08-01,-0.135114478903346
1995-09-01,-0.247235545213865
1995-10-01,-0.126670040897301
1995-11-01,-0.179381548798789
1995-12-01,-0.322819806461044
1996-01-01,-0.359316606965046
1996-02-01,-0.179591376182795
1996-03-01,-0.335415390527391
1996-04-01,-0.273923347248537
1996-05-01,-0.305356627606844
1996-06-01,-0.314379152439762
1996-07-01,-0.158721144000371
1996-08-01,-0.0546203223410968
1996-09-01,-0.258119632812495
1996-10-01,-0.354993832856633
1996-11-01,-0.220871872074744
1996-12-01,-0.213978447911222
1997-01-01,-0.269001511164689
1997-02-01,-0.233251948508209
1997-03-01,-0.164186445966998
1997-04-01,-0.269325807045817
1997-05-01,-0.21855159833025
1997-06-01,0.000642780471653448
1997-07-01,-0.234156281631194
1997-08-01,-0.15831469555898
1997-09-01,-0.0770849819821331
1997-10-01,-0.0151979847393674
1997-11-01,0.0237513174254475
1997-12-01,0.0149865769212318
1998-01-01,-0.0345691015305459
1998-02-01,0.23251959569446
1998-03-01,-0.0410721594963168
1998-04-01,0.0303417809256293
1998-05-01,0.122363049375809
1998-06-01,0.216917548211787
1998-07-01,0.105955435516438
1998-08-01,0.080663790643137
1998-09-01,-0.139943859226117
1998-10-01,-0.19783054226824
1998-11-01,-0.173429330473696
1998-12-01,-0.0476567304325061
1999-01-01,-0.134633961507604
1999-02-01,-0.0174266128315721
1999-03-01,-0.348769796865389
1999-04-01,-0.289028713543026
1999-05-01,-0.305262629111315
1999-06-01,-0.192649608896899
1999-07-01,-0.18282464511542
1999-08-01,-0.259044021615611
1999-09-01,-0.19596335843951
1999-10-01,-0.273805209264403
1999-11-01,-0.25373129543973
1999-12-01,-0.20059968019743
2000-01-01,-0.367115481063668
2000-02-01,-0.0703425127151311
2000-03-01,-0.123598791420769
2000-04-01,-0.043395129150733
2000-05-01,-0.211221288787955
2000-06-01,-0.153347112160518
2000-07-01,-0.153363798136821
2000-08-01,-0.142499075937166
2000-09-01,-0.161031714653346
2000-10-01,-0.355819570497148
2000-11-01,-0.304294122241448
2000-12-01,-0.30215270644055
2001-01-01,-0.147379839825442
2001-02-01,-0.201674058965235
2001-03-01,-0.119554823032541
2001-04-01,-0.105744247929679
2001-05-01,0.0200451229679298
2001-06-01,-0.049137219702432
2001-07-01,0.0385435949525874
2001-08-01,-0.0818807041112812
2001-09-01,-0.0413049920801064
2001-10-01,-0.0949354012636224
2001-11-01,0.106543075224863
2001-12-01,-0.0271311730656978
2002-01-01,0.162730431087854
2002-02-01,0.137128108885837
2002-03-01,0.197047827988012
2002-04-01,-0.0195269742462021
2002-05-01,0.0963819619210856
2002-06-01,-0.0214188505547949
2002-07-01,0.0867175218143312
2002-08-01,-0.0376265791796094
2002-09-01,0.0825980265953529
2002-10-01,-0.0584757007061384
2002-11-01,-0.0254393157266174
2002-12-01,-0.133661917286913
2003-01-01,0.145687516836712
2003-02-01,-0.0508437813715289
2003-03-01,-0.0691588788364738
2003-04-01,-0.0517447417554227
2003-05-01,0.0431905298926226
2003-06-01,-0.0888590987928519
2003-07-01,0.0285636393642726
2003-08-01,0.105388344125578
2003-09-01,0.077092951438565
2003-10-01,0.125737973687984
2003-11-01,-0.0735064060797697
2003-12-01,0.169707404234474
2004-01-01,-0.0215354825926807
2004-02-01,0.0923883287796302
2004-03-01,-0.0424313097711143
2004-04-01,0.00400229615819425
2004-05-01,-0.190925200419374
2004-06-01,-0.121584254236186
2004-07-01,-0.305602886554942
2004-08-01,-0.0990940345992161
2004-09-01,-0.0688360810850126
2004-10-01,0.0242953043665354
2004-11-01,0.117534383271615
2004-12-01,-0.0697199308373139
2005-01-01,0.141899869437839
2005-02-01,-0.0244442071087655
2005-03-01,0.0817769232918297
2005-04-01,0.0675121257288588
2005-05-01,0.0705747891700762
2005-06-01,0.0849000556703392
2005-07-01,0.0468238456516926
2005-08-01,0.0392504254870548
2005-09-01,0.162024200504626
2005-10-01,0.155017917142041
2005-11-01,0.114563598249394
2005-12-01,0.106976426681482
2006-01-01,-0.0398772813847959
2006-02-01,0.101717983410707
2006-03-01,-0.0362566155508088
2006-04-01,-0.132777982421324
2006-05-01,-0.0799817829110935
2006-06-01,0.102060405824662
2006-07-01,-0.0296247996750191
2006-08-01,0.149167542234677
2006-09-01,0.0895223962902706
2006-10-01,0.0900448599305316
2006-11-01,0.127926361270947
2006-12-01,0.213536596947349
2007-01-01,0.411913461482632
2007-02-01,0.0690359721641839
2007-03-01,0.0394659104290193
2007-04-01,0.152962262659382
2007-05-01,0.135749493581532
2007-06-01,0.0588276980315359
2007-07-01,0.0603454833868394
2007-08-01,0.0612377169470251
2007-09-01,0.0344260969572833
2007-10-01,-0.00552794992032823
2007-11-01,-0.0124180706981951
2007-12-01,-0.085452898692998
2008-01-01,-0.310408471482069
2008-02-01,-0.263731650537625
2008-03-01,0.064963708462784
2008-04-01,-0.0677158411412332
2008-05-01,-0.0581559986533566
2008-06-01,-0.0831428468283189
2008-07-01,0.0688955364718598
2008-08-01,-0.121071340283591
2008-09-01,0.0651127388751769
2008-10-01,0.0533864038433959
2008-11-01,0.0763088416412751
2008-12-01,-0.0441956714848034
2009-01-01,0.0398026438671847
2009-02-01,-0.114881891143559
2009-03-01,-0.143834231605611
2009-04-01,0.000804345232204851
2009-05-01,0.101181079984346
2009-06-01,0.094596172018836
2009-07-01,0.210752787009326
2009-08-01,0.108499470533892
2009-09-01,0.185237255892471
2009-10-01,0.065143626531731
2009-11-01,0.180297367308422
2009-12-01,0.106356783008128
2010-01-01,0.160924183000974
2010-02-01,0.214135440130253
2010-03-01,0.244363944702881
2010-04-01,0.243443143270209
2010-05-01,0.201478287511307
2010-06-01,0.117301842639647
2010-07-01,0.0623763471584091
2010-08-01,0.0820999470602567
2010-09-01,0.0962127655587243
2010-10-01,0.112212100789936
2010-11-01,0.206088336103275
2010-12-01,-0.118059078904749
2011-01-01,-0.0649554988382193
2011-02-01,-0.157994101770003
2011-03-01,-0.0208828171287616
2011-04-01,0.0274648212968307
2011-05-01,-0.0335183474306722
2011-06-01,0.06112415623486
2011-07-01,0.153019035587617
2011-08-01,0.182309860677018
2011-09-01,0.0108038456399477
2011-10-01,0.0394390255767736
2011-11-01,-0.0157504642200631
2011-12-01,0.00717428167523238
2012-01-01,-0.149111086378175
2012-02-01,-0.14224721804042
2012-03-01,-0.117035849394768
2012-04-01,0.114956529878861
2012-05-01,0.221051671285232
2012-06-01,0.0691461015963439
2012-07-01,0.014031437595142
2012-08-01,0.0959126667298929
2012-09-01,0.147207040760697
2012-10-01,0.201442789212249
2012-11-01,0.181245384173961
2012-12-01,-0.0530291648265731
2013-01-01,0.109233584837355
2013-02-01,-0.0100831181600373
2013-03-01,0.00145202991046889
2013-04-01,-0.0733377332215482
2013-05-01,0.0285444610243443
2013-06-01,0.140683110416077
2013-07-01,0.0373352071057325
2013-08-01,0.140007017418094
2013-09-01,0.239908025653912
2013-10-01,0.0952219973925428
2013-11-01,0.225196214999819
2013-12-01,0.111261226655901
2014-01-01,0.161903238426414
2014-02-01,-0.0687570791827049
2014-03-01,0.0982456445625792
2014-04-01,0.185715335213521
2014-05-01,0.302916607288587
2014-06-01,0.0903266647433849
2014-07-01,0.0298139657499201
2014-08-01,0.225451494962547
2014-09-01,0.314680509308023
2014-10-01,0.189230891070623
2014-11-01,0.0599586189525222
2014-12-01,0.206671260136214
2015-01-01,0.255851899047002
2015-02-01,0.261380437504642
2015-03-01,0.281454498006697
2015-04-01,0.139028639641456
2015-05-01,0.219089620762636
2015-06-01,0.231953547206754
2015-07-01,0.151033207902319
2015-08-01,0.212030274713629
2015-09-01,0.275687237742085
2015-10-01,0.490737930151789
2015-11-01,0.454884322585031
2015-12-01,0.58770058553015
2016-01-01,0.576613389539261
2016-02-01,0.727790875683355
2016-03-01,0.67732311980369
2016-04-01,0.492676286576149
2016-05-01,0.410455743369763
2016-06-01,0.234236999552644
2016-07-01,0.279711765199214
2016-08-01,0.468429633414827
2016-09-01,0.345210141268364
2016-10-01,0.320556275526737
2016-11-01,0.333096575648018
2016-12-01,0.294910087995938
2017-01-01,0.427705832642202
2017-02-01,0.50688818009697
2017-03-01,0.48805710203553
2017-04-01,0.328574831040925
2017-05-01,0.357384388373948
2017-06-01,0.119435593214512
2017-07-01,0.27184429484534
2017-08-01,0.283501636190448
2017-09-01,0.219667399429768
2017-10-01,0.300124034557024
2017-11-01,0.277834577137927
2017-12-01,0.361879237081257
2018-01-01,0.218014715985892
2018-02-01,0.212875531954553
2018-03-01,0.218774239210126
2018-04-01,0.27900658685801
2018-05-01,0.247925318585799
2018-06-01,0.210158770824565
2018-07-01,0.284556454763059
2018-08-01,0.21637039403717
2018-09-01,0.237276171810721
2018-10-01,0.392923431380971
2018-11-01,0.207051578211522
2018-12-01,0.339430040895199
2019-01-01,0.326173712770105
2019-02-01,0.317691432223161
2019-03-01,0.500350503526478
2019-04-01,0.408003858949508
2019-05-01,0.284695685568312
2019-06-01,0.335152030794923
2019-07-01,0.381416320095587
2019-08-01,0.371856005507566
2019-09-01,0.350159418364692
2019-10-01,0.429659706278962
2019-11-01,0.390018538164545
2019-12-01,0.533196395672322
2020-01-01,0.559397615599255
2020-02-01,0.589040270868227
2020-03-01,0.493289158686784
2020-04-01,0.521613366682869
2020-05-01,0.451559586449145
2020-06-01,0.353257559401152
2020-07-01,0.336249023358641
2020-08-01,0.288863190588287
2020-09-01,0.438713606962755
2020-10-01,0.283450345801229
2020-11-01,0.507311849187136
2020-12-01,0.216849407958121
2021-01-01,0.211974989250432
2021-02-01,0.0149184016413199
2021-03-01,0.210294816970301
2021-04-01,0.159592015098695
2021-05-01,0.222977693626724
2021-06-01,0.266064653972919
2021-07-01,0.356766531269544
2021-08-01,0.26540491554312
2021-09-01,0.401405862933456
2021-10-01,0.419932202463416
2021-11-01,0.318453986971059
2021-12-01,0.281352203341692
2022-01-01,0.302337480117455
2022-02-01,0.250362812913042
2022-03-01,0.384898946030055
2022-04-01,0.233583137787412
2022-05-01,0.278777717197388
2022-06-01,0.380449673697401
2022-07-01,0.388745642488013
2022-08-01,0.394263522898755
2022-09-01,0.342997651123767
2022-10-01,0.398230829341416
2022-11-01,0.122979771246401
2022-12-01,0.215162590242078
2023-01-01,0.267118610169238
2023-02-01,0.310952100655257
2023-03-01,0.547101345770227
2023-04-01,0.394627126420797
2023-05-01,0.386778842111407
2023-06-01,0.528231662552472
2023-07-01,0.642237402918642
2023-08-01,0.63157031291502
2023-09-01,0.943867331663981
2023-10-01,0.745169494616525
2023-11-01,0.81015311970933
2023-12-01,0.772257444225694
2024-01-01,0.62988482536355
2024-02-01,0.797850592408961
2024-03-01,0.735117577537339
2024-04-01,0.717141219949241
2024-05-01,0.600528569887393
2024-06-01,0.663480121106431
2024-07-01,0.670767334597023
2024-08-01,0.765359384226304
