,dgmst
1880-02-01,0.08302748480441202
1880-03-01,0.06037201268676551
1880-04-01,-0.002810514543457543
1880-05-01,-0.06624596476179401
1880-06-01,0.05088501438041604
1880-07-01,0.023947088540267003
1880-08-01,-0.09661813674805853
1880-09-01,-0.07103799225673502
1880-10-01,0.03433103410477201
1880-11-01,0.03980705055747452
1880-12-01,0.0018205512901505183
1881-01-01,0.07295091743000298
1881-02-01,0.1374032631120775
1881-03-01,0.10133266798124252
1881-04-01,-0.11568904951703901
1881-05-01,-0.0356779654518275
1881-06-01,0.08305424214541751
1881-07-01,-0.1064950791810585
1881-08-01,-0.1454194175904015
1881-09-01,-0.05663915438643202
1881-10-01,0.1046934334658115
1881-11-01,0.22990139255629802
1881-12-01,0.10716257297801948
1882-01-01,-0.1190553326462985
1882-02-01,-0.15136051125665903
1882-03-01,-0.03195669389790051
1882-04-01,-0.011683505885668466
1882-05-01,-0.02284668581855248
1882-06-01,0.06870909195063701
1882-07-01,0.001175081717061488
1882-08-01,-0.12355292838858001
1882-09-01,-0.0496484356367875
1882-10-01,-0.07230511738507156
1882-11-01,-0.052488697745361024
1882-12-01,-0.007730323276814999
1883-01-01,0.0634684891733705
1883-02-01,0.12531144284128354
1883-03-01,0.0322893635686885
1883-04-01,0.09642888577484848
1883-05-01,0.05203812771610855
1883-06-01,-0.06112418889833848
1883-07-01,-0.09112667561065352
1883-08-01,-0.002089268041095993
1883-09-01,-0.04428461229657449
1883-10-01,0.002972787914726993
1883-11-01,0.082197234295105
1883-12-01,0.006161337714575499
1884-01-01,-0.17260803659957602
1884-02-01,-0.16307136977930503
1884-03-01,0.07972375828514999
1884-04-01,0.047514360728835525
1884-05-01,-0.0039879332903284825
1884-06-01,0.019646870351893497
1884-07-01,0.025844537224710973
1884-08-01,-0.005002727550797004
1884-09-01,-0.06722545530503243
1884-10-01,-0.020756162076281948
1884-11-01,-0.12911880336888504
1884-12-01,-0.018059026696805036
1885-01-01,0.14970038978951494
1885-02-01,-0.04245724405801499
1885-03-01,-0.04424049165904498
1885-04-01,0.01082164491111004
1885-05-01,0.05730995120848853
1885-06-01,0.06310030019387897
1885-07-01,0.02901463211155847
1885-08-01,0.02431790356931396
1885-09-01,0.00033779842074349586
1885-10-01,0.09269405649222351
1885-11-01,-0.10497286733088046
1885-12-01,-0.2540212453813265
1886-01-01,-0.02695892457085003
1886-02-01,0.1547893449040355
1886-03-01,0.17355252905929802
1886-04-01,-0.012640808457997532
1886-05-01,0.030486316964136007
1886-06-01,-0.00017799192844947243
1886-07-01,-0.0384445252901755
1886-08-01,0.002970292545183495
1886-09-01,-0.05151924553630299
1886-10-01,0.016717596484420505
1886-11-01,-0.25003750267715547
1886-12-01,-0.2005589183514675
1887-01-01,0.17596809203682995
1887-02-01,0.15442524269286495
1887-03-01,0.09804444728373651
1887-04-01,0.08324000988525004
1887-05-01,0.01478924017782196
1887-06-01,-0.08757924041496501
1887-07-01,0.006541160739539031
1887-08-01,-0.023219028142870024
1887-09-01,-0.037342609414259986
1887-10-01,0.032099944482930076
1887-11-01,-0.023407397866947566
1887-12-01,-0.03415162328810506
1888-01-01,-0.09367495394135994
1888-02-01,0.11363518581409199
1888-03-01,0.184079089028387
1888-04-01,0.04553200471284552
1888-05-01,0.06229494141263098
1888-06-01,-0.009965890175642478
1888-07-01,-0.016464188433488458
1888-08-01,0.08009097927765296
1888-09-01,0.06508947066047649
1888-10-01,-0.023702031048050465
1888-11-01,-0.056989413963693
1888-12-01,0.09908746665011847
1889-01-01,0.04301868346078097
1889-02-01,-0.008273347941716497
1889-03-01,0.03372829169270203
1889-04-01,-0.0903814546895125
1889-05-01,-0.04999903390738203
1889-06-01,-0.07921577136199748
1889-07-01,-0.103063955091309
1889-08-01,-0.05808396966989604
1889-09-01,-0.09008630901870496
1889-10-01,-0.01983668730886745
1889-11-01,-0.041980594722080045
1889-12-01,-0.09863869767347105
1890-01-01,-0.019667275801519946
1890-02-01,0.10870148371186455
1890-03-01,0.07128900329601995
1890-04-01,0.05654056471025648
1890-05-01,0.056716924626460996
1890-06-01,-0.106664600226621
1890-07-01,-0.05270732521022098
1890-08-01,0.06722644518493348
1890-09-01,-0.07961935394048503
1890-10-01,-0.029650045025837513
1890-11-01,0.08696632714507002
1890-12-01,-0.11783242995375093
1891-01-01,0.05309557842847801
1891-02-01,0.15077217618158595
1891-03-01,0.073037626851366
1891-04-01,0.06222627233974498
1891-05-01,-0.017589568728460014
1891-06-01,0.0006146123802565073
1891-07-01,0.013689966555271493
1891-08-01,-0.05041070424576899
1891-09-01,-0.12953206462479044
1891-10-01,0.1233660664748425
1891-11-01,0.02629051982192049
1891-12-01,-0.077264415080468
1892-01-01,-0.09956025886976555
1892-02-01,-0.10649511906886805
1892-03-01,0.15836579000334455
1892-04-01,0.09604962508655857
1892-05-01,-0.061917066395963005
1892-06-01,-0.05294211571185303
1892-07-01,0.08929369510379648
1892-08-01,0.05874061433815703
1892-09-01,-0.18873820035440803
1892-10-01,-0.13381979903102248
1892-11-01,-0.21164204337151993
1892-12-01,-0.13002270502095503
1893-01-01,0.31517892730754893
1893-02-01,0.200413263048406
1893-03-01,-5.840291807096554e-05
1893-04-01,0.04393030433817652
1893-05-01,0.11164904248268898
1893-06-01,-0.024560674989638542
1893-07-01,-0.0527439619201715
1893-08-01,0.02427207468550452
1893-09-01,-0.010344657844116978
1893-10-01,-0.08015516701190345
1893-11-01,-0.1969673043257285
1893-12-01,-0.004540889840500051
1894-01-01,0.14781893066540902
1894-02-01,-0.053759282784744955
1894-03-01,0.023455621553944483
1894-04-01,0.04888161625077991
1894-05-01,0.031084143720290003
1894-06-01,0.07273752542236955
1894-07-01,-0.028231815115531023
1894-08-01,-0.010088814414993486
1894-09-01,-0.024927985967218458
1894-10-01,0.02065032393462546
1894-11-01,-0.07031106987791397
1894-12-01,-0.14301193171047144
1895-01-01,0.0012270004354499875
1895-02-01,0.15240809199899547
1895-03-01,0.10837055930821243
1895-04-01,0.020200475823283992
1895-05-01,0.050988878027028006
1895-06-01,0.0012693010981050246
1895-07-01,0.025004573719079493
1895-08-01,0.021022847912996967
1895-09-01,-0.05134601319371246
1895-10-01,-0.010519636840228996
1895-11-01,-0.02699391410645202
1895-12-01,-0.01173813161194498
1896-01-01,-0.06927285215872553
1896-02-01,-0.09416413148916752
1896-03-01,0.13468382864504852
1896-04-01,0.15418470265856749
1896-05-01,0.07429884392625052
1896-06-01,0.008571954109929503
1896-07-01,-0.03231670611550602
1896-08-01,0.04943465570160055
1896-09-01,-0.013263801161875477
1896-10-01,-0.054156219832618535
1896-11-01,-0.05279877375075803
1896-12-01,-0.10383648116549099
1897-01-01,-0.03137564038879548
1897-02-01,0.12266373954103349
1897-03-01,0.1502267435879595
1897-04-01,-0.027333017321933994
1897-05-01,-0.014745075787881035
1897-06-01,-0.00487931737999997
1897-07-01,-0.04236369872142448
1897-08-01,-0.03738706727789404
1897-09-01,-0.08267128759318149
1897-10-01,-0.03499930295522802
1897-11-01,0.08417438980383102
1897-12-01,-0.09012274560445549
1898-01-01,-0.30355902261339257
1898-02-01,0.03473581191585651
1898-03-01,0.18304957774699054
1898-04-01,0.096340513736489
1898-05-01,0.04654371055784651
1898-06-01,-0.06780921530086348
1898-07-01,-0.0005576259464309952
1898-08-01,-0.06322585323463203
1898-09-01,-0.13617007502750106
1898-10-01,0.059561060954611
1898-11-01,0.13463594958408104
1898-12-01,-0.10745278755485099
1899-01-01,-0.14786019800434097
1899-02-01,0.142397310680554
1899-03-01,0.14948917197830597
1899-04-01,-0.04483140001688346
1899-05-01,0.03298999165461003
1899-06-01,0.11826938434975098
1899-07-01,0.064641871498066
1899-08-01,0.017177422069134973
1899-09-01,0.08638311270584847
1899-10-01,-0.129191252929518
1899-11-01,-0.29568266384759045
1899-12-01,0.1079156647030245
1900-01-01,0.19416710631345296
1900-02-01,0.002755415134025496
1900-03-01,0.002192888597571996
1900-04-01,0.011697769653019052
1900-05-01,-0.031156162919904973
1900-06-01,-0.0052186295272469985
1900-07-01,0.04770579244176998
1900-08-01,0.09649587397499948
1900-09-01,-0.03717907112260549
1900-10-01,-0.09782754126348953
1900-11-01,-0.09326821236599703
1900-12-01,-0.036511305127096993
1901-01-01,0.13875699335138153
1901-02-01,0.07763478333837553
1901-03-01,-0.058850055518080036
1901-04-01,-0.04187840405855453
1901-05-01,-0.0006379892578374791
1901-06-01,-0.066892896020397
1901-07-01,-0.052420911768529976
1901-08-01,-0.070507334897767
1901-09-01,0.006832833673933503
1901-10-01,0.023557562588941483
1901-11-01,-0.006710304918897014
1901-12-01,0.07794262991628104
1902-01-01,-0.09374762958589805
1902-02-01,-0.081169413823721
1902-03-01,0.04086458897366857
1902-04-01,-0.006958643117893515
1902-05-01,0.015164745712450467
1902-06-01,-0.003550481810683015
1902-07-01,-0.007630832376829488
1902-08-01,-0.02000353956101847
1902-09-01,-0.07088646665284948
1902-10-01,-0.06085798491587702
1902-11-01,0.08040717912821099
1902-12-01,0.1898767561938705
1903-01-01,-0.023050147928146025
1903-02-01,-0.18310637769844545
1903-03-01,-0.038123575779045016
1903-04-01,0.012669157196439906
1903-05-01,0.024496621369373528
1903-06-01,-0.029529087226970008
1903-07-01,-0.10192571791732347
1903-08-01,-0.026724538002979914
1903-09-01,0.030604843892855005
1903-10-01,-0.011555162179175071
1903-11-01,-0.12637714824022006
1903-12-01,-0.07306838881985
1904-01-01,0.05353718027927501
1904-02-01,0.08024317434345007
1904-03-01,0.05030719247160498
1904-04-01,0.03585955365923499
1904-05-01,-0.01007407539229499
1904-06-01,-0.02648632193679501
1904-07-01,-0.02574345382587495
1904-08-01,0.03468324998572003
1904-09-01,0.20991474717633096
1904-10-01,0.05017951158984396
1904-11-01,-0.10166620041645602
1904-12-01,-0.17177983439322903
1905-01-01,0.04982772169840055
1905-02-01,0.1820903330913815
1905-03-01,0.01732151988366748
1905-04-01,0.04888277847446204
1905-05-01,0.0004612837388249802
1905-06-01,0.03289036725364197
1905-07-01,0.051341745710347
1905-08-01,-0.04846293196684748
1905-09-01,0.045722551710713044
1905-10-01,0.07828706904157146
1905-11-01,-0.13476751068118153
1905-12-01,-0.12570562375120448
1906-01-01,0.025094356934956485
1906-02-01,0.17326469600425198
1906-03-01,0.02183982863596451
1906-04-01,-0.0627517514791765
1906-05-01,0.012970725607427014
1906-06-01,-0.013457645839942967
1906-07-01,-0.03393454485076702
1906-08-01,-0.02895278364056203
1906-09-01,-0.07811539194246747
1906-10-01,0.050258302118116494
1906-11-01,-0.035115905317219975
1906-12-01,-0.24972317941913702
1907-01-01,0.059390206698265
1907-02-01,0.11292361365033499
1907-03-01,-0.04558212359147007
1907-04-01,-0.0058458222611649235
1907-05-01,0.05847826740870854
1907-06-01,0.02020533988696993
1907-07-01,-0.000736257373151028
1907-08-01,0.06287299030869553
1907-09-01,-0.08490247249176247
1907-10-01,-0.13501688058799544
1907-11-01,0.009779265032969997
1907-12-01,0.07179898704711496
1908-01-01,-0.09159635161840496
1908-02-01,-0.04584583863405001
1908-03-01,0.17785588375582745
1908-04-01,0.0629121344019315
1908-05-01,0.0008890459609020018
1908-06-01,-0.0686056225815665
1908-07-01,-0.005474191085409974
1908-08-01,-0.010568253302804975
1908-09-01,-0.13082650195224454
1908-10-01,-0.021998212099310077
1908-11-01,-0.11670392937355001
1908-12-01,0.0011256828291600351
1909-01-01,0.08083032416177505
1909-02-01,-0.05036559428688003
1909-03-01,0.06781024650087497
1909-04-01,0.0618534258281801
1909-05-01,0.040681218841695066
1909-06-01,0.09259161422210793
1909-07-01,0.029122264085284955
1909-08-01,-0.056940749305242955
1909-09-01,0.025669398938286514
1909-10-01,-0.08893448292075501
1909-11-01,-0.06795788890794147
1909-12-01,0.06970184493301002
1910-01-01,-0.07480534345936007
1910-02-01,0.01684033412638497
1910-03-01,0.1657709007432565
1910-04-01,0.049154933856561
1910-05-01,-0.009438812475574987
1910-06-01,-0.012626292248215987
1910-07-01,-0.036091233565736514
1910-08-01,-0.04020619656867497
1910-09-01,-0.13221459100689503
1910-10-01,-0.1561287314813451
1910-11-01,-0.028997149460274985
1910-12-01,0.043506459266060005
1911-01-01,-0.022200769002770016
1911-02-01,0.04903970296550009
1911-03-01,0.12376701896021503
1911-04-01,0.0501909183483199
1911-05-01,0.044861805234025054
1911-06-01,0.01375948555069506
1911-07-01,0.002953955977924916
1911-08-01,0.08460217874532
1911-09-01,0.08415096070227257
1911-10-01,0.04272408844122849
1911-11-01,-0.009632368543668501
1911-12-01,0.01593574070968501
1912-01-01,-0.10987388633576406
1912-02-01,0.008051330179917993
1912-03-01,0.16916465077329151
1912-04-01,-0.011145911219778981
1912-05-01,-0.14695844565077149
1912-06-01,-0.21466524505317253
1912-07-01,-0.09309060167290495
1912-08-01,-0.03588577656176495
1912-09-01,0.09280064308718494
1912-10-01,0.09730343621425497
1912-11-01,-0.01521988207911995
1912-12-01,-0.018676992342525067
1913-01-01,-0.038035913325994986
1913-02-01,0.0540413418252651
1913-03-01,0.06385467148046997
1913-04-01,-0.0165557560752001
1913-05-01,0.022719600293599984
1913-06-01,0.05098032504763106
1913-07-01,0.019135264238550498
1913-08-01,-0.008559156042151017
1913-09-01,0.05973380973499198
1913-10-01,0.192221717189563
1913-11-01,0.14321684283040703
1913-12-01,-0.08263053595488495
1914-01-01,-0.2036029939267195
1914-02-01,-0.08572351573471504
1914-03-01,0.0901352387523125
1914-04-01,0.05134695885447904
1914-05-01,-0.030681990296552497
1914-06-01,0.034232528089088
1914-07-01,0.03856841418156548
1914-08-01,0.0606043197637855
1914-09-01,-0.013752161307480026
1914-10-01,0.01642668976379197
1914-11-01,-0.019988812816068957
1914-12-01,-0.03516686064513347
1915-01-01,0.029177343416529
1915-02-01,0.08870088369311446
1915-03-01,0.08809493126585649
1915-04-01,-0.142168812699267
1915-05-01,-0.05028581333791199
1915-06-01,-0.027437943501727957
1915-07-01,-0.04632170899087851
1915-08-01,-0.022952021086934005
1915-09-01,0.02432888361208646
1915-10-01,0.02711768527137498
1915-11-01,0.0015878679480210156
1915-12-01,0.017646463434228987
1916-01-01,-0.12947179368451395
1916-02-01,-0.0674106030055815
1916-03-01,0.02296194391134143
1916-04-01,-0.087535261386192
1916-05-01,-0.01707713212211648
1916-06-01,0.10103480943958248
1916-07-01,-0.010212895551525047
1916-08-01,-0.0517170669080525
1916-09-01,-0.07166449371613992
1916-10-01,-0.28094652129638
1916-11-01,-0.06066299088468008
1916-12-01,0.10406707036068497
1917-01-01,-0.07021507842988495
1917-02-01,0.06838670228491006
1917-03-01,0.11017843159995999
1917-04-01,0.08875934506481997
1917-05-01,0.174993445884979
1917-06-01,0.10156678103410449
1917-07-01,-0.006621570509207475
1917-08-01,-0.14582262918312444
1917-09-01,-0.07598591540462157
1917-10-01,-0.1378183548259
1917-11-01,-0.08792469207174991
1917-12-01,0.17665223541018493
1918-01-01,0.11039905957316548
1918-02-01,-0.022968800428534997
1918-03-01,-0.045554328720135484
1918-04-01,0.06275485619218901
1918-05-01,0.06749651918634197
1918-06-01,0.005454006702664493
1918-07-01,0.07507882845464597
1918-08-01,0.15761424010660802
1918-09-01,0.017274094751973
1918-10-01,-0.140862201653975
1918-11-01,-0.05267645663222098
1918-12-01,0.013448680053797513
1919-01-01,-0.03895483092442048
1919-02-01,0.08027789282862996
1919-03-01,0.02536266697219447
1919-04-01,-0.09887918894018799
1919-05-01,-0.007861432338388985
1919-06-01,-0.00020830984061748214
1919-07-01,0.017900284180954518
1919-08-01,0.057871975730797
1919-09-01,-0.1294342469663895
1919-10-01,-0.12298777967372554
1919-11-01,0.11283772568422895
1919-12-01,0.07647552613291353
1920-01-01,0.035803085864265005
1920-02-01,0.03612998486677499
1920-03-01,-0.01669942409414399
1920-04-01,-0.04268169528837146
1920-05-01,-0.025792599816049477
1920-06-01,0.03292198872232599
1920-07-01,0.03310349440622751
1920-08-01,-0.037575968805305004
1920-09-01,-0.05288999910632253
1920-10-01,-0.09432904629953803
1920-11-01,0.13622762383561648
1920-12-01,0.14675664619837003
1921-01-01,-0.144207212683527
1921-02-01,-0.039927325609666
1921-03-01,0.03108579254871552
1921-04-01,0.049745553250163
1921-05-01,0.09104432580294247
1921-06-01,-0.031154889853207524
1921-07-01,-0.03510540375749249
1921-08-01,0.1278312151143105
1921-09-01,0.003941594558794503
1921-10-01,-0.0764749168186345
1921-11-01,-0.10839293682119
1921-12-01,-0.1851254431129305
1922-01-01,0.06766588749407049
1922-02-01,0.159560977360791
1922-03-01,-0.03057964316400197
1922-04-01,-0.022038631952876475
1922-05-01,0.02402487842377149
1922-06-01,-0.03697729834061253
1922-07-01,-0.05806871091822802
1922-08-01,-0.013170692726275468
1922-09-01,0.10596222948184603
1922-10-01,0.08248785748002996
1922-11-01,-0.07748879897206151
1922-12-01,-0.13011348245571647
1923-01-01,-0.07315091700420151
1923-02-01,0.010908741697999935
1923-03-01,0.07457471716320052
1923-04-01,0.09437279583162056
1923-05-01,0.003847953558107464
1923-06-01,-0.04786500200159449
1923-07-01,-0.0043468947624694665
1923-08-01,0.1080403198862685
1923-09-01,0.1533339183534035
1923-10-01,0.06505996881669601
1923-11-01,-0.11996350981715698
1923-12-01,-0.13577972253827653
1924-01-01,0.057702670454360006
1924-02-01,-0.021109032009898998
1924-03-01,0.00014733222026896975
1924-04-01,0.04862468191525049
1924-05-01,-0.07554451262787149
1924-06-01,-0.073123040759006
1924-07-01,-0.017521039740954036
1924-08-01,-0.01370904462855449
1924-09-01,0.052580642087490026
1924-10-01,-0.03606509216974996
1924-11-01,-0.11207738582498855
1924-12-01,-0.007584091326390041
1925-01-01,0.029182452186600094
1925-02-01,0.11423876940785599
1925-03-01,0.06428725277893843
1925-04-01,-0.0212348940836265
1925-05-01,0.002237216710257006
1925-06-01,0.05243464705106998
1925-07-01,0.033033143779383545
1925-08-01,-1.6769528015991852e-05
1925-09-01,0.13030493938719245
1925-10-01,0.1636724175934745
1925-11-01,0.10179387303396151
1925-12-01,-0.05744824103157897
1926-01-01,-0.09544411343906298
1926-02-01,-0.0602613378078215
1926-03-01,-0.13710891185879653
1926-04-01,-0.05870940672369601
1926-05-01,-0.03144161323081096
1926-06-01,0.0663837489847145
1926-07-01,0.07223684402303349
1926-08-01,-0.014452153798971523
1926-09-01,0.029638013667144525
1926-10-01,-0.09384322251260396
1926-11-01,-0.1199302556335115
1926-12-01,0.04566897181898699
1927-01-01,-0.11281011909945404
1927-02-01,-0.05141688024322549
1927-03-01,0.1425210477773715
1927-04-01,0.0423686426410505
1927-05-01,0.03402446975794904
1927-06-01,-0.006821361394466541
1927-07-01,0.031100545559992976
1927-08-01,0.13052415582953453
1927-09-01,0.02157203946831948
1927-10-01,-0.1754863192232265
1927-11-01,0.03151333022818853
1927-12-01,0.1164522282424475
1928-01-01,-0.17179457918511254
1928-02-01,-0.09555964531962352
1928-03-01,0.03168924001010304
1928-04-01,-0.04180619719605899
1928-05-01,0.04902704560534499
1928-06-01,0.0786436184695255
1928-07-01,-0.012041635354704983
1928-08-01,0.003380329458766984
1928-09-01,0.050263783829801956
1928-10-01,0.03344893485674
1928-11-01,-0.19537049237263399
1928-12-01,-0.2566231666465415
1929-01-01,0.02558823118389497
1929-02-01,0.10682250748372502
1929-03-01,0.033935654744732036
1929-04-01,0.007704042816115031
1929-05-01,-0.00197303184631048
1929-06-01,0.049890100529079495
1929-07-01,0.0659060987585735
1929-08-01,0.09372998476361699
1929-09-01,0.06432301467990847
1929-10-01,-0.22946176908485655
1929-11-01,-0.10405773498795501
1929-12-01,0.13744515363353355
1930-01-01,0.0722658965090705
1930-02-01,0.04352810531125151
1930-03-01,-0.012377527540611999
1930-04-01,0.02793524323984997
1930-05-01,0.0035467493448100296
1930-06-01,0.03555007760574552
1930-07-01,0.038601404750432
1930-08-01,0.001975595366265015
1930-09-01,0.17463017213751098
1930-10-01,0.05476473827378597
1930-11-01,-0.1616281460761545
1930-12-01,-0.10977195207984147
1931-01-01,-0.03297866062673749
1931-02-01,0.004650331120038986
1931-03-01,0.0177573414403695
1931-04-01,0.11400087538485898
1931-05-01,0.08337015287253197
1931-06-01,0.004464776538814996
1931-07-01,-0.022603017627716493
1931-08-01,0.04126715429276151
1931-09-01,-0.00993861916282296
1931-10-01,-0.057408634779004986
1931-11-01,0.09933385319835897
1931-12-01,-0.09619556215657848
1932-01-01,-0.209545513200858
1932-02-01,0.0930233977168195
1932-03-01,0.06440359290194803
1932-04-01,-0.11529302795596252
1932-05-01,-0.05332131771294052
1932-06-01,0.03703511451755798
1932-07-01,0.09296215368948652
1932-08-01,0.055685958870565044
1932-09-01,-0.1320819345935335
1932-10-01,-0.09426463282153552
1932-11-01,0.025909121526856538
1932-12-01,-0.04036209511141148
1933-01-01,-0.06343200910471303
1933-02-01,0.051080281545799466
1933-03-01,0.06496219026364852
1933-04-01,-0.03679499198756747
1933-05-01,0.038007615082114976
1933-06-01,0.043493212123881964
1933-07-01,-0.049519103943633014
1933-08-01,-0.024783170703529478
1933-09-01,-0.03920730141835799
1933-10-01,-0.10690897027823848
1933-11-01,0.06153833833556649
1933-12-01,0.22449920707541748
1934-01-01,-0.07873827079686746
1934-02-01,-0.1337184232094985
1934-03-01,0.17553759658754797
1934-04-01,0.10524216954819599
1934-05-01,-0.010458234129049004
1934-06-01,0.0008294800996634932
1934-07-01,-0.03922673536583299
1934-08-01,0.02010428354518301
1934-09-01,0.09468311516546452
1934-10-01,0.03223610642805752
1934-11-01,-0.227675565885732
1934-12-01,0.06526356452655799
1935-01-01,0.09120471266333452
1935-02-01,-0.26935014676982205
1935-03-01,-0.025505707944676548
1935-04-01,0.08407620013420303
1935-05-01,0.03503315294728904
1935-06-01,0.003549396456530518
1935-07-01,-0.005885598071924014
1935-08-01,0.08435708007908299
1935-09-01,-0.04769177143776099
1935-10-01,-0.056963075056021995
1935-11-01,-0.001878501357550022
1935-12-01,-0.1380464554537545
1936-01-01,0.00696462364113648
1936-02-01,0.13376125225460295
1936-03-01,0.09479463340459554
1936-04-01,0.007473538428503512
1936-05-01,0.032201706738157476
1936-06-01,0.028474157980884485
1936-07-01,0.000655880454329516
1936-08-01,0.045329178478499044
1936-09-01,0.03393726964724847
1936-10-01,0.01391217197852851
1936-11-01,-0.04046608597317897
1936-12-01,0.0008484579734164832
1937-01-01,-0.11465974416991298
1937-02-01,-0.07786695013310602
1937-03-01,0.150393305666499
1937-04-01,0.08586776106058353
1937-05-01,0.0041967055806784725
1937-06-01,0.008148232849857495
1937-07-01,0.070925973076372
1937-08-01,0.03366189349944998
1937-09-01,-0.03047219562425399
1937-10-01,-0.078642443772031
1937-11-01,0.0016736495051200007
1937-12-01,0.04005733184168303
1938-01-01,-0.031939968333943
1938-02-01,0.033582007101589983
1938-03-01,-0.0422309923668715
1938-04-01,-0.113590393217118
1938-05-01,-0.011120909784964494
1938-06-01,0.043118497305768
1938-07-01,0.049723048508184986
1938-08-01,0.104739700521535
1938-09-01,0.024805469411839476
1938-10-01,-0.14528464522905002
1938-11-01,-0.07690353109952797
1938-12-01,0.007271983250998537
1939-01-01,-0.10218082564821651
1939-02-01,0.009882867219237979
1939-03-01,0.14349576434857902
1939-04-01,0.030310828813658486
1939-05-01,-0.012832913258177536
1939-06-01,-0.014448423359186002
1939-07-01,-0.010173886924960962
1939-08-01,0.00872036722111652
1939-09-01,0.058663946475288
1939-10-01,0.2765844501677733
1939-11-01,-0.028521185827700524
1939-12-01,-0.21857505641193178
1940-01-01,0.003262197716081494
1940-02-01,0.07466429377057046
1940-03-01,0.08132247673245402
1940-04-01,-0.017584743451765
1940-05-01,-0.006142599002229521
1940-06-01,-0.0422460230627445
1940-07-01,0.022645970369817997
1940-08-01,0.01478580672917551
1940-09-01,-0.015216652856345492
1940-10-01,0.1199971172196285
1940-11-01,0.001030229763498508
1940-12-01,-0.019325560211647996
1941-01-01,-0.07339916621075598
1941-02-01,-0.06768268597893151
1941-03-01,0.10387678693912197
1941-04-01,0.011127857825320026
1941-05-01,0.021580805990369517
1941-06-01,-0.01584047856586801
1941-07-01,-0.11654817305623699
1941-08-01,0.105375382275561
1941-09-01,0.08763474422533549
1941-10-01,-0.075860277598235
1941-11-01,0.04543664590098348
1941-12-01,-0.12132145057736449
1942-01-01,-0.17307921986401997
1942-02-01,0.0539060845278575
1942-03-01,0.0946663512260805
1942-04-01,-0.0020804216251409935
1942-05-01,-0.063671025383542
1942-06-01,-0.06166582829179451
1942-07-01,-0.024920596737113998
1942-08-01,0.015484577822521495
1942-09-01,0.04502194559586248
1942-10-01,0.061927237946809516
1942-11-01,-0.053040431365346474
1942-12-01,0.00655389561776748
1943-01-01,-0.04971449241283654
1943-02-01,-0.01235578256192299
1943-03-01,0.11915708698059851
1943-04-01,-0.06253417400465053
1943-05-01,0.0034698405215260186
1943-06-01,0.017274141254166042
1943-07-01,-0.016252538790250015
1943-08-01,0.11681364365514649
1943-09-01,0.06542800145335251
1943-10-01,0.0043397404668354955
1943-11-01,0.0875655045271315
1943-12-01,-0.019396360225084508
1944-01-01,-0.093885296436545
1944-02-01,-0.007834720084706481
1944-03-01,0.02796474115870201
1944-04-01,0.0027826155523164864
1944-05-01,-0.013876262152043517
1944-06-01,0.001959303804379503
1944-07-01,0.05099141704504051
1944-08-01,0.0277438974624665
1944-09-01,-0.11630988833320649
1944-10-01,-0.11721648248377248
1944-11-01,0.005253635627695485
1944-12-01,-0.03712886007793603
1945-01-01,-0.06373505106101851
1945-02-01,0.12522627308912052
1945-03-01,0.05576757515891401
1945-04-01,-0.09569792437495048
1945-05-01,-0.01669436985140149
1945-06-01,0.13457289985797447
1945-07-01,0.091380530238166
1945-08-01,-0.053441217425231
1945-09-01,-0.09466030947406251
1945-10-01,-0.13743468891644448
1945-11-01,0.05229087370763752
1945-12-01,0.02825833510342396
1946-01-01,-0.117089826906982
1946-02-01,0.04709642114200702
1946-03-01,0.025507416030002505
1946-04-01,-0.123389040713206
1946-05-01,-0.039379690628466024
1946-06-01,-0.017000069445733013
1946-07-01,0.017900028940061485
1946-08-01,0.0524037585132025
1946-09-01,-0.009980863669980466
1946-10-01,-0.11105927190174197
1946-11-01,0.0038051941476374695
1946-12-01,0.11674426887773948
1947-01-01,0.03384417619311453
1947-02-01,0.08194730969819503
1947-03-01,0.01720479618389298
1947-04-01,-0.02698285177413151
1947-05-01,-0.017869526327350005
1947-06-01,-0.038748782586546016
1947-07-01,-0.04548819047757946
1947-08-01,0.07572882039698953
1947-09-01,0.06164658579027399
1947-10-01,-0.11376812329436303
1947-11-01,0.018674197419191962
1947-12-01,-0.028228911860800954
1948-01-01,-0.20672910424527496
1948-02-01,0.03973620035173547
1948-03-01,0.20049367921781547
1948-04-01,0.05833771586492248
1948-05-01,-0.07133272644838351
1948-06-01,-0.06149975884551695
1948-07-01,-0.02409459310881945
1948-08-01,0.027356644225218496
1948-09-01,-0.004242174086341033
1948-10-01,-0.09939094405604454
1948-11-01,0.10752992074781553
1948-12-01,0.029086608590753515
1949-01-01,-0.082084036233256
1949-02-01,0.03851430317753202
1949-03-01,0.014432371544971956
1949-04-01,-0.06568888348719154
1949-05-01,-0.024699537519477455
1949-06-01,0.06196010507218802
1949-07-01,-0.006495954655443503
1949-08-01,0.02741282918318
1949-09-01,0.004318668707983975
1949-10-01,-0.05670639063944699
1949-11-01,-0.08655909878997747
1949-12-01,-0.072847003268048
1950-01-01,0.06854274747983397
1950-02-01,0.056191605240919484
1950-03-01,0.031011070156263032
1950-04-01,0.1014267004859905
1950-05-01,0.010593876527045964
1950-06-01,-0.08234079695246099
1950-07-01,-0.01453954612673497
1950-08-01,-0.02393850893699151
1950-09-01,-0.142741781065096
1950-10-01,0.003134276958211002
1950-11-01,-0.0037746118072864987
1950-12-01,-0.12989936717737055
1951-01-01,0.047100183816828456
1951-02-01,0.17762225008546256
1951-03-01,0.177277461282342
1951-04-01,0.05382857026332
1951-05-01,-0.020388365502620964
1951-06-01,0.056345825596026466
1951-07-01,0.04128065476944698
1951-08-01,0.0024915806669060236
1951-09-01,-0.056135053698760484
1951-10-01,0.0486078172028615
1951-11-01,0.06360701376147448
1951-12-01,-0.05228773161860001
1952-01-01,-0.13676448175685002
1952-02-01,-0.015031714989723
1952-03-01,0.09288617053436204
1952-04-01,-0.017045885765314517
1952-05-01,0.032577483321586
1952-06-01,0.028446501024683046
1952-07-01,0.016045337513023478
1952-08-01,-0.0465342830046695
1952-09-01,-0.13815176959567252
1952-10-01,0.007863339278747994
1952-11-01,0.1136032632224635
1952-12-01,0.06394164378816847
1953-01-01,-0.011100935715921967
1953-02-01,0.058335340500661026
1953-03-01,0.06409141864028797
1953-04-01,-0.03189871521698001
1953-05-01,-0.059022287449913474
1953-06-01,-0.0422588904400755
1953-07-01,0.01618841049588049
1953-08-01,1.6687248431485058e-05
1953-09-01,-0.05651302424736648
1953-10-01,-0.01230722849645749
1953-11-01,-0.130819420625984
1953-12-01,-0.10282607520460052
1954-01-01,0.024469498236279974
1954-02-01,-0.004023433580068458
1954-03-01,0.03907508890795852
1954-04-01,-0.008681121797283031
1954-05-01,-0.010631146994278029
1954-06-01,-0.01915960713952347
1954-07-01,0.03947968671930002
1954-08-01,0.08205235201133698
1954-09-01,0.092626313245047
1954-10-01,-0.08270582646171498
1954-11-01,0.02677233725863251
1954-12-01,-0.008172652674890535
1955-01-01,-0.2866758251241236
1955-02-01,-0.01598516991297899
1955-03-01,0.13101945208825605
1955-04-01,0.06444752877360399
1955-05-01,0.04910933160050002
1955-06-01,0.08447238463858303
1955-07-01,-0.004347459409274501
1955-08-01,-0.052799125626113
1955-09-01,-0.108261248912773
1955-10-01,-0.1213514123252265
1955-11-01,0.07757902489526647
1955-12-01,-0.00014846511454952305
1956-01-01,-0.08607244573440248
1956-02-01,-0.0021402833814214706
1956-03-01,0.024364152036862485
1956-04-01,0.09376003109276299
1956-05-01,0.10452570960310853
1956-06-01,-0.070981103851674
1956-07-01,-0.052706928065686
1956-08-01,-0.0010117451748299922
1956-09-01,-0.010018272021938002
1956-10-01,0.09264185171585199
1956-11-01,0.037427080344271
1956-12-01,-0.0019713571540554975
1957-01-01,-0.008387856552280526
1957-02-01,0.035446010752803514
1957-03-01,0.12468301436877152
1957-04-01,0.097853715112215
1957-05-01,-0.028006330533968532
1957-06-01,-0.010590806040640999
1957-07-01,0.028609925371639033
1957-08-01,-0.07398796554107753
1957-09-01,-0.034595258837765486
1957-10-01,0.06192836255011053
1957-11-01,0.16141253054579696
1957-12-01,0.01881520740298198
1958-01-01,-0.17925290891387946
1958-02-01,-0.08999854479393599
1958-03-01,0.03420739051768196
1958-04-01,-0.04495845707609153
1958-05-01,-0.004387560243060973
1958-06-01,0.02373068848885701
1958-07-01,-0.04574399086053049
1958-08-01,0.039400499259098
1958-09-01,0.008160757052687484
1958-10-01,-0.016700831895804957
1958-11-01,0.02990636781748751
1958-12-01,0.012706605639112467
1959-01-01,0.010273395209067504
1959-02-01,0.053760846014241
1959-03-01,-0.0021895629165375463
1959-04-01,-0.040889023756178006
1959-05-01,-0.011486614698427988
1959-06-01,-0.024774559374039495
1959-07-01,-0.06322423288878898
1959-08-01,-0.03881551853080201
1959-09-01,-0.02103208568970999
1959-10-01,0.03687272573660699
1959-11-01,0.049912192508267506
1959-12-01,0.04672854411913102
1960-01-01,-0.205263265489105
1960-02-01,-0.13672162071945548
1960-03-01,0.18954625051013946
1960-04-01,0.07083156455788148
1960-05-01,0.003850811699783019
1960-06-01,0.040218270346057516
1960-07-01,0.05921567436078451
1960-08-01,-0.0013095113869480146
1960-09-01,-0.10864275830286602
1960-10-01,0.075252858327023
1960-11-01,0.09530366217057101
1960-12-01,-0.030221718199608977
1961-01-01,-0.033586719311549496
1961-02-01,-0.00895209935909902
1961-03-01,0.08539494579499898
1961-04-01,0.011647201982669997
1961-05-01,-0.054907630420539005
1961-06-01,-0.058226184697420996
1961-07-01,0.043571556778086024
1961-08-01,-0.010542364252670466
1961-09-01,-0.062385474436759486
1961-10-01,-0.08399358203176005
1961-11-01,0.007566809949751008
1961-12-01,0.130684509492681
1962-01-01,0.0004823401825009843
1962-02-01,-0.029674165476031467
1962-03-01,-0.0359403583751135
1962-04-01,0.01868133020393148
1962-05-01,0.037695767034233496
1962-06-01,-0.041609574144051475
1962-07-01,0.01161671142239551
1962-08-01,0.007027534291200455
1962-09-01,-0.00959274501107199
1962-10-01,-0.013253770888467964
1962-11-01,-0.028440298991204538
1962-12-01,0.08148970789653598
1963-01-01,-0.10227583211102897
1963-02-01,-0.11426272648938052
1963-03-01,0.09425286737211597
1963-04-01,0.08246627043903504
1963-05-01,0.06640939343616753
1963-06-01,0.08914034478868199
1963-07-01,0.07065415377946299
1963-08-01,-0.075206488032731
1963-09-01,-0.060582203147206
1963-10-01,-0.059542492418568016
1963-11-01,-0.1088788854285235
1963-12-01,-0.0668361501892415
1964-01-01,-0.10207349706483598
1964-02-01,-0.09667092367125901
1964-03-01,0.03827446889351799
1964-04-01,0.16121410623946203
1964-05-01,0.11852875261253998
1964-06-01,-0.09244687347167652
1964-07-01,-0.14862655052985146
1964-08-01,-0.055376143227231
1964-09-01,0.03244971961627596
1964-10-01,0.013061226106690527
1964-11-01,0.06304177870827155
1964-12-01,0.03688190123400098
1965-01-01,-0.05368341525805054
1965-02-01,0.006136187546464
1965-03-01,0.06626847949734749
1965-04-01,0.07075707589291752
1965-05-01,-0.02257650305998099
1965-06-01,0.01209651628105246
1965-07-01,-0.0134209791857135
1965-08-01,-0.016710930240475985
1965-09-01,0.027572052961834015
1965-10-01,-0.005083323802533013
1965-11-01,-0.05900110929975949
1965-12-01,-0.008456194310195508
1966-01-01,0.0759818578758985
1966-02-01,-0.02474205733630347
1966-03-01,-0.016300593738507507
1966-04-01,0.07815527594206151
1966-05-01,0.10428351490510449
1966-06-01,-0.04530860110601753
1966-07-01,-0.05465844811668499
1966-08-01,-0.05556913166555949
1966-09-01,-0.02131256136229548
1966-10-01,0.08767342160166253
1966-11-01,-0.028197256709549534
1966-12-01,-0.12021799966650204
1967-01-01,0.024814554043301018
1967-02-01,0.09151741404139152
1967-03-01,0.09894574643969051
1967-04-01,0.017970308951080483
1967-05-01,-0.040543600310075034
1967-06-01,0.03163155555733904
1967-07-01,-0.04595131487153198
1967-08-01,0.023600406036070998
1967-09-01,-0.023480369724735495
1967-10-01,-0.05495423123244603
1967-11-01,-0.10703790642532851
1967-12-01,-0.07109361458319852
1968-01-01,0.1956962674837475
1968-02-01,0.054068217874225
1968-03-01,-0.11373401044592649
1968-04-01,0.0033713759097375173
1968-05-01,0.004265107648510513
1968-06-01,0.004571902509007519
1968-07-01,-0.026237424106250518
1968-08-01,0.0713907547359125
1968-09-01,0.04355666677671449
1968-10-01,-0.11087509787192351
1968-11-01,-0.016097114924232492
1968-12-01,-0.038089704259143486
1969-01-01,0.00906906361265003
1969-02-01,0.17808363235315347
1969-03-01,0.14574785721022698
1969-04-01,-0.04027697405361
1969-05-01,-0.11821866916055052
1969-06-01,-0.03259001982188897
1969-07-01,0.066126820752159
1969-08-01,0.045335590185486496
1969-09-01,-0.005627089608858493
1969-10-01,0.0833710188658095
1969-11-01,-0.014933496531812501
1969-12-01,-0.04258842172739602
1970-01-01,-0.04159524942283199
1970-02-01,-0.07056191872339102
1970-03-01,0.002939761724430001
1970-04-01,-0.023217900390256452
1970-05-01,0.04065173259030297
1970-06-01,-0.04555544938345851
1970-07-01,0.03640584596822952
1970-08-01,0.06031745566979496
1970-09-01,-0.0693280903004865
1970-10-01,-0.06539161577415198
1970-11-01,-0.021935108958622496
1970-12-01,-0.04460578479383448
1971-01-01,-0.1155093855861975
1971-02-01,0.05850105856593546
1971-03-01,0.122892665300535
1971-04-01,-0.02790643785835345
1971-05-01,-0.01180505886827199
1971-06-01,0.07708006429197495
1971-07-01,0.015355465874119012
1971-08-01,-0.02871731262274496
1971-09-01,-0.04794095017741201
1971-10-01,-0.01971636786104153
1971-11-01,-0.06588871352104952
1971-12-01,-0.06710389973223047
1972-01-01,0.08803075549511452
1972-02-01,0.10162611858905446
1972-03-01,0.02829862818870149
1972-04-01,0.045066122744516046
1972-05-01,0.02318122076380852
1972-06-01,0.06635701026864496
1972-07-01,0.013769117014964971
1972-08-01,-0.08376114209983301
1972-09-01,-0.039121196269242986
1972-10-01,0.07008872922750453
1972-11-01,0.1461927878099055
1972-12-01,0.047141846537904486
1973-01-01,-0.038478479427908996
1973-02-01,-0.006828769702534987
1973-03-01,0.03182935541790899
1973-04-01,-0.020422550469824996
1973-05-01,-0.05224620380320999
1973-06-01,-0.08165400781417503
1973-07-01,-0.013818551826436987
1973-08-01,0.017177220802015003
1973-09-01,-0.05093059090112653
1973-10-01,-0.07853430635672248
1973-11-01,-0.0675114679494665
1973-12-01,-0.12204412420573851
1974-01-01,-0.016307699263752973
1974-02-01,0.089028432470797
1974-03-01,0.06572626187408148
1974-04-01,0.06182385295096099
1974-05-01,0.010924908041510528
1974-06-01,0.07013564116825952
1974-07-01,-0.02536671065996654
1974-08-01,-0.09025376794391951
1974-09-01,-0.026740481171802
1974-10-01,-0.011899476474746484
1974-11-01,0.08309082644421051
1974-12-01,0.053943013874791
1975-01-01,-0.020430781872539994
1975-02-01,-0.005835235204193989
1975-03-01,0.07959298425488001
1975-04-01,-0.005433578052270516
1975-05-01,-0.08872208054807998
1975-06-01,-0.09550043773404149
1975-07-01,-0.015364319030214013
1975-08-01,0.024938864017181483
1975-09-01,-0.08662029131474003
1975-10-01,-0.02235047175834698
1975-11-01,0.06857193646721854
1975-12-01,0.03028001504546901
1976-01-01,-0.12748378044548303
1976-02-01,0.00864765737727946
1976-03-01,0.05844047584476003
1976-04-01,-0.0005542667875124696
1976-05-01,0.04439131030930149
1976-06-01,-0.018270167898284007
1976-07-01,0.022161424287157006
1976-08-01,-0.0601767451582475
1976-09-01,-0.01639121238123853
1976-10-01,0.186578168796407
1976-11-01,0.1414710185070345
1976-12-01,0.031299018386241995
1977-01-01,-0.021000144851358482
1977-02-01,0.03273497627205349
1977-03-01,0.10598581301713948
1977-04-01,0.02861147389909599
1977-05-01,-0.054916389492995
1977-06-01,-0.041390766128762496
1977-07-01,-0.11316575955588798
1977-08-01,-0.11062551389483449
1977-09-01,0.05132219172274799
1977-10-01,0.015749789623813015
1977-11-01,-0.042023469463118523
1977-12-01,0.014068811564054984
1978-01-01,0.026423592808440033
1978-02-01,0.047005555820964495
1978-03-01,0.012756292646155493
1978-04-01,-0.07621280448880752
1978-05-01,-0.017826249364517016
1978-06-01,-0.07186963591922446
1978-07-01,0.01080191865695801
1978-08-01,0.07875534931897449
1978-09-01,-0.005322080444359001
1978-10-01,0.03680703289121501
1978-11-01,-0.009452128795185977
1978-12-01,-0.11896567920676748
1979-01-01,0.013545635004835965
1979-02-01,0.14753675123751098
1979-03-01,-0.021765186045578977
1979-04-01,-0.0033075636286609977
1979-05-01,-0.007286725697107033
1979-06-01,0.017131303781815987
1979-07-01,0.11769332966747403
1979-08-01,0.03671055912569751
1979-09-01,-0.012143208931441024
1979-10-01,0.1178009293202065
1979-11-01,0.016019122910844508
1979-12-01,-0.06240549962907949
1980-01-01,-0.037155760411276495
1980-02-01,-0.03358300971646151
1980-03-01,0.083611308810348
1980-04-01,-0.039541631994351484
1980-05-01,-0.0542241918181155
1980-06-01,-0.006538599041843507
1980-07-01,-0.01269855117632751
1980-08-01,-0.0453328261913965
1980-09-01,0.015243450889415006
1980-10-01,0.0532968110798695
1980-11-01,0.11696220537578364
1980-12-01,0.0853202625206815
1981-01-01,-0.056952303902641145
1981-02-01,-0.037383430474869
1981-03-01,-0.06344289422254251
1981-04-01,0.004347819306085493
1981-05-01,0.053853235065333
1981-06-01,0.042076701637361005
1981-07-01,-0.100675167787156
1981-08-01,-0.156301937354417
1981-09-01,0.01410190707731751
1981-10-01,0.16098272207119751
1981-11-01,-0.09152928767243251
1981-12-01,-0.1479514844918865
1982-01-01,-0.041441922159459466
1982-02-01,0.0010785120732360043
1982-03-01,0.13326589644560446
1982-04-01,-0.02128141402252154
1982-05-01,-0.01579364081009249
1982-06-01,-0.036773625589076986
1982-07-01,-0.021424271583669996
1982-08-01,0.05173158140544351
1982-09-01,0.0051541411515849955
1982-10-01,0.16532774560146402
1982-11-01,0.1803304538114374
1982-12-01,-0.0296868802585335
1983-01-01,-0.08969811295328839
1983-02-01,-0.053533085551685
1983-03-01,0.021026502336539493
1983-04-01,-0.005473906256727001
1983-05-01,-0.080044322645964
1983-06-01,0.0609229308936895
1983-07-01,0.1085250104612625
1983-08-01,-0.1180158557442175
1983-09-01,-0.08315586245481199
1983-10-01,0.009726902041316488
1983-11-01,0.010463776110004985
1983-12-01,-0.03762281050940597
1984-01-01,-0.051082353557919985
1984-02-01,-0.023722408653321536
1984-03-01,0.0952630717268355
1984-04-01,-0.008071066492783996
1984-05-01,-0.08381932021672299
1984-06-01,0.09686188328474352
1984-07-01,0.02980419774290799
1984-08-01,-0.06234286280943452
1984-09-01,-0.116876915396498
1984-10-01,-0.0619121375445785
1984-11-01,0.09607339827155001
1984-12-01,-0.023155386588227966
1985-01-01,-0.0691870782327095
1985-02-01,0.08466650655409796
1985-03-01,0.035514539311626986
1985-04-01,0.04412403941845
1985-05-01,-0.04468143925982601
1985-06-01,-0.0015009265961974938
1985-07-01,0.053896890754403515
1985-08-01,-0.044276287007885995
1985-09-01,-0.08113121070881002
1985-10-01,0.024828609016038006
1985-11-01,0.11561988434530701
1985-12-01,0.0982998731496425
1986-01-01,-0.01483179350288849
1986-02-01,-0.0616940821317945
1986-03-01,0.01651987011874151
1986-04-01,-0.0418130128286385
1986-05-01,-0.05681930397766852
1986-06-01,0.026341986828264496
1986-07-01,-0.026291224971823984
1986-08-01,-0.020385191651178997
1986-09-01,-0.0035738279273145324
1986-10-01,-0.0012588760495020057
1986-11-01,0.11609542971828954
1986-12-01,0.12086390674599601
1987-01-01,-0.097562987852157
1987-02-01,-0.0770587351745205
1987-03-01,0.08318015846257998
1987-04-01,0.07647690461930699
1987-05-01,0.07669957456566151
1987-06-01,-0.0708122524958255
1987-07-01,-0.039980309787932
1987-08-01,0.0355084353559425
1987-09-01,-0.036721096885681495
1987-10-01,0.0791314534763985
1987-11-01,0.13706140788036264
1987-12-01,-0.0349924193203205
1988-01-01,-0.06205029696645365
1988-02-01,0.006997305604057008
1988-03-01,0.0282632496589025
1988-04-01,0.015176758468262497
1988-05-01,-0.058490971661085
1988-06-01,-0.024335799993234
1988-07-01,0.01882010068831351
1988-08-01,-0.015929084099680996
1988-09-01,-0.159777321392538
1988-10-01,-0.040249916861731516
1988-11-01,0.0013596270157915091
1988-12-01,-0.012409282667433491
1989-01-01,0.092636319644607
1989-02-01,0.013428262751560005
1989-03-01,-0.042972908996015524
1989-04-01,-0.05850547513010751
1989-05-01,0.102088155891838
1989-06-01,0.09671232747979201
1989-07-01,-0.0030231749791759938
1989-08-01,-0.029125160240051004
1989-09-01,-0.114135701924121
1989-10-01,0.039152015513344504
1989-11-01,0.1166525553733155
1989-12-01,-0.005961480111061998
1990-01-01,0.160841349823239
1990-02-01,0.09357927885354105
1990-03-01,-0.1113214128641285
1990-04-01,-0.08219522839370855
1990-05-01,0.028364602632528598
1990-06-01,-0.02354329511028351
1990-07-01,-0.1540288102519806
1990-08-01,0.048718629224987
1990-09-01,0.100271951522352
1990-10-01,-0.0145659327335865
1990-11-01,-0.014269715554462506
1990-12-01,0.02060412565910101
1991-01-01,-0.0677974442716055
1991-02-01,0.023678471942766746
1991-03-01,0.05182690700765551
1991-04-01,0.0372948190313961
1991-05-01,0.08020189343864939
1991-06-01,-0.06819201006584685
1991-07-01,-0.033518165153797894
1991-08-01,-0.08626894800878851
1991-09-01,-0.0974509646340605
1991-10-01,0.03307256388431251
1991-11-01,0.096410524786768
1991-12-01,0.007678655637466503
1992-01-01,-0.03851195023906499
1992-02-01,-0.0476560566351405
1992-03-01,-0.02736134814608651
1992-04-01,0.014370834413424488
1992-05-01,-0.11320673432935349
1992-06-01,-0.08740025734239149
1992-07-01,-0.05298045763121348
1992-08-01,-0.03672903314370202
1992-09-01,0.0003965140631759789
1992-10-01,0.09266720950617602
1992-11-01,0.158082139374503
1992-12-01,0.05517027158693599
1993-01-01,-0.021953372658256504
1993-02-01,-0.03480160116235251
1993-03-01,0.014878382251832994
1993-04-01,-0.008594472675026499
1993-05-01,-0.019586796690167996
1993-06-01,-0.058975132578673484
1993-07-01,-0.06499405412603199
1993-08-01,0.044679573003814976
1993-09-01,-0.06544760633108049
1993-10-01,-0.015920870277355476
1993-11-01,0.11281511340413397
1993-12-01,-0.09592784544717603
1994-01-01,-0.015428331258901501
1994-02-01,0.2027486291106745
1994-03-01,0.045663960262978004
1994-04-01,0.04341126700238151
1994-05-01,0.023925648724492016
1994-06-01,-0.1287623612078915
1994-07-01,0.019162384878134986
1994-08-01,0.09509624548682799
1994-09-01,0.022144801370896
1994-10-01,-0.011958801312766498
1994-11-01,0.04099066947924901
1994-12-01,0.173979460836585
1995-01-01,-0.062414344447744505
1995-02-01,-0.142393719967515
1995-03-01,-0.038174486051909
1995-04-01,-0.001773723435736993
1995-05-01,0.106607392402125
1995-06-01,0.0043329996973345
1995-07-01,-0.08519053609313201
1995-08-01,0.004222219003022498
1995-09-01,0.033926998207538
1995-10-01,-0.09807488278187151
1995-11-01,-0.08996752908312851
1995-12-01,0.07161421513912451
1996-01-01,0.011950608218827513
1996-02-01,-0.047165985532871005
1996-03-01,0.015029381460273494
1996-04-01,-0.020227902595612496
1996-05-01,0.07331774180323651
1996-06-01,0.1298794150493326
1996-07-01,-0.04969924440606201
1996-08-01,-0.1501867552577681
1996-09-01,0.018623880368875495
1996-10-01,0.0705076924727055
1996-11-01,-0.0240648195449725
1996-12-01,-0.009636750298493493
1997-01-01,0.05240753259884551
1997-02-01,-0.018036929268804
1997-03-01,-0.027182576181626006
1997-04-01,0.13498429375873522
1997-05-01,-0.007802341650472
1997-06-01,-0.07947873801531673
1997-07-01,0.07853564982453046
1997-08-01,0.0715583554098063
1997-09-01,0.0504181497037903
1997-10-01,0.0150922808302996
1997-11-01,-0.029160209477996697
1997-12-01,0.10876650938661411
1998-01-01,-0.00325152898288545
1998-02-01,-0.10108890738441535
1998-03-01,0.0817176044360629
1998-04-01,0.09328788364307884
1998-05-01,-0.008203806929685496
1998-06-01,-0.068126878784325
1998-07-01,-0.1229496473712775
1998-08-01,-0.13924716645568852
1998-09-01,-0.0167427356237895
1998-10-01,0.07508690591786696
1998-11-01,0.01939768448304599
1998-12-01,0.015115058800467
1999-01-01,-0.1070679176788925
1999-02-01,-0.13580105035572695
1999-03-01,0.02175358387703699
1999-04-01,0.0481895523230635
1999-05-01,0.06121899199794752
1999-06-01,-0.03319720635935601
1999-07-01,-0.006569356662045001
1999-08-01,-0.007380593824395987
1999-09-01,-0.028883968500110005
1999-10-01,0.0366027645334865
1999-11-01,-0.05669209281196899
1999-12-01,0.06512858374114944
2000-01-01,0.12175834482144948
2000-02-01,0.013473691782199052
2000-03-01,-0.043811248683593006
2000-04-01,-0.0549759915048925
2000-05-01,0.02892874532556701
2000-06-01,0.0054240181116760044
2000-07-01,-0.003833958258262507
2000-08-01,-0.10666024727999102
2000-09-01,-0.07163120379405098
2000-10-01,0.02683343202829902
2000-11-01,0.07845714120800298
2000-12-01,0.05023932373765749
2001-01-01,0.013912508396450501
2001-02-01,0.047964905517777996
2001-03-01,0.0697999730002354
2001-04-01,0.0283035141136235
2001-05-01,0.009249235992328799
2001-06-01,-0.016371742204424604
2001-07-01,-0.039924293516346895
2001-08-01,-0.0065273485761706
2001-09-01,0.0739240336524847
2001-10-01,0.0339021140989623
2001-11-01,0.028093677931495503
2001-12-01,0.0821296409757674
2002-01-01,0.017158698450078988
2002-02-01,-0.07832754156601955
2002-03-01,-0.050332933033463194
2002-04-01,-0.0009459381542964006
2002-05-01,-0.004832220053377197
2002-06-01,-0.008103864312407248
2002-07-01,-0.0020597476094891543
2002-08-01,-0.010424560763264503
2002-09-01,-0.054018671160985146
2002-10-01,-0.037593108290387305
2002-11-01,0.0855634162816647
2002-12-01,0.04140906795769206
2003-01-01,-0.1074231978365929
2003-02-01,-0.000450480191946899
2003-03-01,0.0561747043645482
2003-04-01,-0.018557178518714603
2003-05-01,-0.007313445264175
2003-06-01,0.09712372145921495
2003-07-01,0.0242646560371462
2003-08-01,0.010174814781203002
2003-09-01,-0.07529967875916735
2003-10-01,0.021984715273244998
2003-11-01,0.025985461743544498
2003-12-01,-0.0386595377274219
2004-01-01,-0.010447913589216798
2004-02-01,-0.044193016310717974
2004-03-01,-0.07424694532412984
2004-04-01,-0.06279327519719012
2004-05-01,-0.057338843067784
2004-06-01,0.01124510981848495
2004-07-01,0.1183834027349647
2004-08-01,0.061694669482875754
2004-09-01,0.0931852321783138
2004-10-01,-0.04700761760192465
2004-11-01,0.012182743083112
2004-12-01,0.0226378618642742
2005-01-01,-0.03006147307300465
2005-02-01,0.04597816641881215
2005-03-01,-0.005601067060876749
2005-04-01,0.008693964970740202
2005-05-01,-0.011875471759191802
2005-06-01,-0.022824815091642203
2005-07-01,0.0576001774264667
2005-08-01,0.0578837458274931
2005-09-01,-0.023730301127615996
2005-10-01,-0.0240207452302795
2005-11-01,-0.07722043981709495
2005-12-01,-0.0026292216353875006
2006-01-01,0.0018103329169935484
2006-02-01,-0.11724798291601549
2006-03-01,-0.021862583680142347
2006-04-01,0.117419194122993
2006-05-01,0.025178491618037195
2006-06-01,0.023553568205007494
2006-07-01,0.05957359798264485
2006-08-01,-0.029561341152072693
2006-09-01,0.0192019824903382
2006-10-01,0.0617458685084087
2006-11-01,0.14199355010584253
2006-12-01,-0.07225031239158256
2007-01-01,-0.18622377552680636
2007-02-01,0.04196314524759905
2007-03-01,0.048141791576256344
2007-04-01,-0.047067282313923056
2007-05-01,-0.037702005097346294
2007-06-01,0.0012050094577446026
2007-07-01,-0.01295969321477805
2007-08-01,-0.033382833433676665
2007-09-01,-0.0234220838277392
2007-10-01,-0.039962474386334886
2007-11-01,-0.14899520039193695
2007-12-01,-0.0891393759223135
2008-01-01,0.1876860899724265
2008-02-01,0.0980079046981959
2008-03-01,-0.061559853558070296
2008-04-01,-0.007713502843542851
2008-05-01,0.06352576756260819
2008-06-01,-0.018964246727636046
2008-07-01,-0.001891398798341444
2008-08-01,0.08722887206349345
2008-09-01,0.005598051383049099
2008-10-01,-0.048791037664099646
2008-11-01,-0.018253098887045204
2008-12-01,-0.0353431098293778
2009-01-01,-0.09181843773639786
2009-02-01,0.057843118187881924
2009-03-01,0.1225076557949785
2009-04-01,0.04689591339331557
2009-05-01,0.054785853512490004
2009-06-01,0.006951649257528003
2009-07-01,-0.012757765558427503
2009-08-01,-0.0216779220010805
2009-09-01,-0.0024699442920245035
2009-10-01,0.020606578238198496
2009-11-01,-0.009686592153724
2009-12-01,0.05388932856106251
2010-01-01,0.0417198808509535
2010-02-01,0.014653851569977991
2010-03-01,-0.021442828595787
2010-04-01,-0.063070650315281
2010-05-01,-0.06955097017644896
2010-06-01,-0.017600947789695155
2010-07-01,0.0169182092001576
2010-08-01,0.015056076864839653
2010-09-01,0.05493778527227536
2010-10-01,-0.1151355898473425
2010-11-01,-0.13552191747074716
2010-12-01,-0.019967511432627004
2011-01-01,0.02203634085472885
2011-02-01,0.09272946153341685
2011-03-01,-0.006317765150955302
2011-04-01,0.01682966746901465
2011-05-01,0.0932686915091446
2011-06-01,0.06059285222107899
2011-07-01,-0.07110759497383465
2011-08-01,-0.0714354175501222
2011-09-01,-0.013277154930005398
2011-10-01,-0.016132371950770608
2011-11-01,-0.06668031107905595
2011-12-01,-0.07471074985782619
2012-01-01,0.0160376184917035
2012-02-01,0.1286018739596405
2012-03-01,0.16904376034000002
2012-04-01,-0.022905214141258547
2012-05-01,-0.103510116845045
2012-06-01,0.013383282566774499
2012-07-01,0.0665878015827775
2012-08-01,0.05276506124117805
2012-09-01,0.017019171706632003
2012-10-01,-0.12723597701941106
2012-11-01,-0.036005899668303
2012-12-01,0.0214730233332679
2013-01-01,-0.053890777463443056
2013-02-01,-0.03162730753075545
2013-03-01,0.013546215556937705
2013-04-01,0.1070104218188126
2013-05-01,0.0043953730406941
2013-06-01,-0.0003380464989915094
2013-07-01,0.10128640927408974
2013-08-01,-0.02239251001277559
2013-09-01,-0.007355905327046497
2013-10-01,0.0080196146316791
2013-11-01,-0.03164648828670251
2013-12-01,-0.09000915291930295
2014-01-01,-0.0318287969319174
2014-02-01,0.12723620719811296
2014-03-01,0.1023354813630039
2014-04-01,-0.047694335235068046
2014-05-01,-0.13655132076933343
2014-06-01,0.06756241510958105
2014-07-01,0.14243327177905143
2014-08-01,-0.018110301945962
2014-09-01,-0.1273609451777504
2014-10-01,0.008720184532795508
2014-11-01,0.09794664004723991
2014-12-01,0.027354588684214004
2015-01-01,0.012801299479847483
2015-02-01,-0.061175898931593004
2015-03-01,-0.03118243862203049
2015-04-01,0.046462453782649
2015-05-01,-0.0340282064301585
2015-06-01,-0.009961636246562502
2015-07-01,0.06232701491988299
2015-08-01,0.13935382771908
2015-09-01,0.089598542421473
2015-10-01,0.04848132768918051
2015-11-01,0.06086453347711501
2015-12-01,0.07004514507660248
2016-01-01,0.05035486513221449
2016-02-01,-0.117557294553603
2016-03-01,-0.1334336882169635
2016-04-01,-0.1292196435117525
2016-05-01,-0.0653719890852745
2016-06-01,0.11709631693109152
2016-07-01,0.03274918803457502
2016-08-01,-0.07393667894404501
2016-09-01,-0.0060567828101730226
2016-10-01,-0.012823093765399501
2016-11-01,0.04730462849709202
2016-12-01,0.10598904605051601
2017-01-01,0.030175634696663983
2017-02-01,-0.0891566745280225
2017-03-01,-0.065336356830791
2017-04-01,-0.1045696189132065
2017-05-01,-0.04277004676430399
2017-06-01,0.082033021487968
2017-07-01,-0.026088447707785997
2017-08-01,0.008311199183288015
2017-09-01,0.02908358885407948
2017-10-01,0.0308776012621165
2017-11-01,-0.029909930576017485
2017-12-01,-0.07450185256335201
2018-01-01,0.0003797616121170022
2018-02-01,0.0330655274517285
2018-03-01,0.014575539687836495
2018-04-01,-0.0344239080167225
2018-05-01,0.01831556808863001
2018-06-01,0.003105811606302508
2018-07-01,-0.02364014147616901
2018-08-01,0.0882765186719005
2018-09-01,-0.015112296799599495
2018-10-01,-0.026746695242886004
2018-11-01,0.05956106727929149
2018-12-01,-0.010869304336019014
2019-01-01,0.08708839537818652
2019-02-01,0.04515621336317352
2019-03-01,-0.10782740897908302
2019-04-01,-0.03642591407729251
2019-05-01,0.048360317263637514
2019-06-01,0.018351987356321486
2019-07-01,-0.015628450865447507
2019-08-01,0.028901850385698008
2019-09-01,0.019929559899926508
2019-10-01,0.05176834469668001
2019-11-01,0.08468953871735502
2019-12-01,0.027921937597952473
2020-01-01,-0.03305422845623551
2020-02-01,-0.03371345209267901
2020-03-01,-0.020864786118819506
2020-04-01,-0.08417790364085848
2020-05-01,-0.05765528154525201
2020-06-01,-0.03219718440643249
2020-07-01,0.05123229180205702
2020-08-01,-0.002706422393529001
2020-09-01,0.034299121112190495
2020-10-01,-0.03330046892155401
2020-11-01,-0.147668429968352
2020-12-01,-0.10096550315840054
2021-01-01,-0.0008400861400655046
2021-02-01,0.07233680672868754
2021-03-01,0.0063414383282115044
2021-04-01,0.053236319437112004
2021-05-01,0.06689441882140999
2021-06-01,-0.0003298692148994975
2021-07-01,0.022319665831955993
2021-08-01,0.077263643460148
2021-09-01,-0.0414759379811985
2021-10-01,-0.06928999956086201
2021-11-01,-0.008058253426801998
2021-12-01,-0.015494695214324977
2022-01-01,0.0412807329563
2022-02-01,-0.008389837562815014
2022-03-01,-0.0530606144163335
2022-04-01,0.07343326795499451
2022-05-01,0.05498396264531252
2022-06-01,0.006906924600676989
2022-07-01,-0.022873995682123005
2022-08-01,0.0019836532213305114
2022-09-01,-0.110008939938683
2022-10-01,-0.091534119549669
2022-11-01,0.0720694194614185
2022-12-01,0.04789475520658951
2023-01-01,0.13999136780049448
2023-02-01,0.04183751288276999
2023-03-01,-0.08016125182940997
2023-04-01,0.0668022680658375
2023-05-01,0.12772928040361747
2023-06-01,0.051669325181273984
2023-07-01,0.1508149643726695
2023-08-01,0.056799590850752535
2023-09-01,-0.06685710597732547
2023-10-01,0.013543974804584469
2023-11-01,-0.09013414717289003
2023-12-01,0.012796574091633484
2024-01-01,0.05261637608689451
2024-02-01,-0.04035468622985999
2024-03-01,-0.06729450382497298
2024-04-01,-0.026830549421405003
2024-05-01,0.03511938235481499
2024-06-01,0.05093963155993653
2024-07-01,0.0
